,N,P,K,ph,crop
0,90,42,43,6.502985292000001,rice
1,85,58,41,7.038096361,rice
2,60,55,44,7.840207144,rice
3,74,35,40,6.980400905,rice
4,78,42,42,7.628472891,rice
5,69,37,42,7.073453503,rice
6,69,55,38,5.70080568,rice
7,94,53,40,5.718627177999999,rice
8,89,54,38,6.685346424,rice
9,68,58,38,6.336253525,rice
10,91,53,40,5.386167788,rice
11,90,46,42,7.50283396,rice
12,78,58,44,5.108681786,rice
13,93,56,36,6.98435366,rice
14,94,50,37,6.94801983,rice
15,60,48,39,7.042299068999999,rice
16,85,38,41,6.2490506560000005,rice
17,91,35,39,6.970859754,rice
18,77,38,36,5.953933276,rice
19,88,35,40,5.85393208,rice
20,89,45,36,6.442475375,rice
21,76,40,43,5.070175667,rice
22,67,59,41,6.012632591,rice
23,83,41,43,6.254028451,rice
24,98,47,37,7.375482851,rice
25,66,53,41,7.778915154,rice
26,97,59,43,6.2865001760000006,rice
27,97,50,41,7.070959995,rice
28,60,49,44,6.244841491,rice
29,84,51,35,6.043304899,rice
30,73,57,41,5.824709117,rice
31,92,35,40,6.3573893660000005,rice
32,85,37,39,6.364134967999999,rice
33,98,53,38,5.01450727,rice
34,88,54,44,6.149410611,rice
35,95,55,42,5.950660556,rice
36,99,57,35,5.960370061,rice
37,95,39,36,5.561398642,rice
38,60,43,44,7.416245107000001,rice
39,63,44,41,5.583370042,rice
40,62,42,36,6.430010215,rice
41,64,45,43,5.534878156,rice
42,83,60,36,6.903985986,rice
43,82,40,40,6.271478837999999,rice
44,85,52,45,7.224285503,rice
45,91,35,38,6.13428721,rice
46,76,49,42,5.206373153,rice
47,74,39,38,7.782051312999999,rice
48,79,43,39,7.062779015,rice
49,88,55,45,7.730367824,rice
50,60,36,43,5.286203711000001,rice
51,76,60,39,6.766240045,rice
52,93,56,42,7.382762603,rice
53,65,60,43,5.658169482000001,rice
54,95,52,36,5.543360237999999,rice
55,75,38,39,6.215109715,rice
56,74,54,38,7.120272972,rice
57,91,36,45,5.950647577000001,rice
58,71,46,40,7.236705436,rice
59,99,55,35,6.501697816,rice
60,72,40,38,7.592490617,rice
61,83,58,45,5.875345751,rice
62,93,58,38,6.932400225,rice
63,70,36,42,6.9462098810000015,rice
64,76,47,42,5.739175027000001,rice
65,99,41,36,6.738652179,rice
66,99,54,37,5.5948196260000005,rice
67,86,59,35,6.946636369,rice
68,69,46,41,5.012139669,rice
69,91,56,37,6.363472207999999,rice
70,61,52,41,6.880431223,rice
71,67,45,38,7.300410836,rice
72,79,42,37,6.587918707999999,rice
73,78,43,42,7.283736617000001,rice
74,75,54,36,7.023936392,rice
75,97,36,45,6.939083505,rice
76,67,47,44,7.868474653,rice
77,73,35,38,5.005306977,rice
78,77,36,37,6.136131869,rice
79,81,41,38,7.5240800760000015,rice
80,68,57,43,5.706943251,rice
81,72,45,35,5.758506323,rice
82,61,53,43,6.349606327,rice
83,67,43,39,5.9999690260000005,rice
84,67,58,39,5.453592032,rice
85,66,60,38,6.372576327000001,rice
86,82,43,38,5.105588355,rice
87,84,50,44,5.9353444060000005,rice
88,81,53,42,5.17782304,rice
89,91,50,40,6.462391607000001,rice
90,93,53,38,7.069172227,rice
91,90,44,38,7.473134377,rice
92,81,45,35,6.158376967000001,rice
93,78,40,38,7.549873681,rice
94,60,51,36,6.028321557999999,rice
95,88,46,42,6.604993475,rice
96,93,47,37,6.500343222000001,rice
97,60,55,45,5.935745417000001,rice
98,78,35,44,7.072655622,rice
99,65,37,40,5.333322606,rice
100,71,54,16,5.7499144210000015,maize
101,61,44,17,6.931756557999999,maize
102,80,43,16,6.657964753,maize
103,73,58,21,6.596060648,maize
104,61,38,20,5.970458434,maize
105,68,41,16,6.158830619,maize
106,93,41,17,6.047906679,maize
107,89,60,19,5.913664501,maize
108,76,44,17,5.855442401,maize
109,67,60,25,5.750254943,maize
110,70,44,19,5.852607099,maize
111,90,49,21,6.4725232870000005,maize
112,62,52,16,6.9670577620000005,maize
113,92,44,16,6.082973754,maize
114,66,54,21,5.919045532,maize
115,63,58,22,6.204747652999999,maize
116,70,47,17,6.600827017,maize
117,61,41,17,6.021902237000001,maize
118,66,53,19,6.033550195,maize
119,74,55,19,6.28886807,maize
120,77,57,21,6.550563822999999,maize
121,99,50,15,5.573286437,maize
122,74,56,22,6.829199275,maize
123,83,45,21,5.716222912,maize
124,100,48,16,5.54990242,maize
125,79,51,16,6.586244581,maize
126,94,39,18,5.893093135,maize
127,75,49,15,5.918263801,maize
128,78,48,22,5.588650585,maize
129,87,54,20,6.576418207000001,maize
130,87,35,25,6.178056304,maize
131,63,43,19,6.641906353,maize
132,84,57,25,6.489040367,maize
133,64,35,23,5.680361037999999,maize
134,60,46,22,6.625404347999999,maize
135,98,44,21,6.524478032,maize
136,75,56,18,5.696205468,maize
137,86,55,21,6.803931519,maize
138,98,35,18,6.252797547999999,maize
139,76,57,18,6.092725883,maize
140,99,56,17,6.234330356,maize
141,60,44,23,5.722579819,maize
142,74,48,17,6.430616465,maize
143,89,60,17,5.983952675,maize
144,69,51,23,6.80163854,maize
145,96,46,22,6.499936446,maize
146,61,60,15,6.265564338,maize
147,74,58,18,6.727303282,maize
148,74,43,23,6.325235159,maize
149,63,43,17,6.807487794,maize
150,99,36,20,6.671085817000001,maize
151,77,36,23,6.648725327,maize
152,87,60,23,6.439071996,maize
153,60,38,17,6.474476516,maize
154,94,54,17,5.871647806,maize
155,95,38,22,5.730617109,maize
156,84,44,21,5.850439831,maize
157,77,58,19,5.791649933,maize
158,66,44,20,6.740000687999999,maize
159,63,35,16,6.272417541,maize
160,79,45,20,5.715208817000001,maize
161,72,60,25,5.773454729,maize
162,67,51,24,5.584171461,maize
163,86,36,24,5.787268394,maize
164,76,48,18,5.77597783,maize
165,75,53,18,6.864793607,maize
166,81,45,23,6.192360002999999,maize
167,73,45,21,6.636803222999999,maize
168,71,35,24,5.826426917,maize
169,96,54,22,6.960358276,maize
170,99,39,18,6.11275104,maize
171,62,48,20,6.708446922,maize
172,86,37,16,5.561510732,maize
173,94,50,19,5.873242491,maize
174,76,39,24,6.995843776,maize
175,77,52,17,5.714799723,maize
176,74,39,23,6.78073637,maize
177,81,49,20,5.513697923,maize
178,63,42,21,5.798423907999999,maize
179,99,38,21,6.352471866,maize
180,90,52,25,6.822586546,maize
181,68,40,19,6.655426355,maize
182,60,57,24,6.1212940410000005,maize
183,71,52,18,5.790770202999999,maize
184,61,59,17,6.47444292,maize
185,88,38,15,6.455116637000001,maize
186,65,60,22,6.6069840860000015,maize
187,78,37,22,6.330554389,maize
188,78,58,15,6.5286312660000005,maize
189,92,60,23,5.721667141,maize
190,79,59,17,6.644205485,maize
191,91,55,15,6.376651091,maize
192,76,51,18,6.247040422,maize
193,87,48,25,6.656730007999999,maize
194,71,60,22,6.2048017,maize
195,90,57,24,6.158860284,maize
196,67,35,22,6.385684213999999,maize
197,60,54,19,6.417820493,maize
198,83,58,23,6.381201909,maize
199,83,57,19,6.877869005,maize
200,40,72,77,7.485996067,chickpea
201,23,72,84,6.920251378,chickpea
202,39,58,85,5.9969320370000005,chickpea
203,22,72,85,6.391173589,chickpea
204,36,67,77,7.152811172000001,chickpea
205,32,73,81,5.988992796000002,chickpea
206,58,70,84,6.231049027999999,chickpea
207,59,70,84,7.550808267000001,chickpea
208,42,62,75,7.010570541,chickpea
209,28,74,81,8.753795334,chickpea
210,58,66,79,8.718192847000001,chickpea
211,43,66,79,7.976607593,chickpea
212,58,63,81,6.515499548999999,chickpea
213,23,62,85,8.490127142,chickpea
214,27,62,77,6.576415562,chickpea
215,28,72,84,6.481783042999999,chickpea
216,50,56,76,7.966605025,chickpea
217,39,71,84,8.140825437,chickpea
218,25,78,76,7.228963452,chickpea
219,31,70,77,6.492546046,chickpea
220,26,80,83,7.528599957000001,chickpea
221,25,68,77,7.701446446,chickpea
222,31,78,76,8.519975748,chickpea
223,60,68,83,6.620900869,chickpea
224,59,62,83,8.104396057999999,chickpea
225,22,67,78,6.204090835,chickpea
226,36,65,80,6.051091339,chickpea
227,59,60,84,7.690962337999999,chickpea
228,54,77,85,7.8292111439999985,chickpea
229,43,68,81,6.761599706,chickpea
230,28,76,82,6.654425315,chickpea
231,42,79,85,6.129533877,chickpea
232,32,60,83,8.829273328,chickpea
233,22,78,76,8.621662982,chickpea
234,31,79,75,8.204862075,chickpea
235,28,58,81,6.18042747,chickpea
236,57,58,77,7.978996755,chickpea
237,49,55,78,7.863113671,chickpea
238,46,76,77,6.967843048,chickpea
239,54,61,77,6.206582192999999,chickpea
240,38,60,76,8.868741443,chickpea
241,59,55,79,8.766128654,chickpea
242,36,76,75,8.736337905,chickpea
243,57,68,81,8.081095263,chickpea
244,35,66,81,6.138243973,chickpea
245,35,64,78,7.496645259,chickpea
246,52,60,79,8.380185271,chickpea
247,27,76,83,6.289614016,chickpea
248,57,60,84,6.586777189,chickpea
249,52,68,78,6.89655198,chickpea
250,43,79,79,7.8067476560000015,chickpea
251,44,74,85,7.150681303,chickpea
252,24,55,78,6.64919573,chickpea
253,29,77,75,7.778591617999999,chickpea
254,20,60,78,6.358740355,chickpea
255,56,67,78,8.255450758,chickpea
256,37,66,85,6.456148474,chickpea
257,49,71,76,6.613072145,chickpea
258,59,69,80,8.165359297,chickpea
259,20,79,77,7.64867466,chickpea
260,24,56,85,6.545888558,chickpea
261,51,72,75,7.1042247970000005,chickpea
262,57,73,85,7.358099622,chickpea
263,22,64,82,6.4740245000000005,chickpea
264,52,73,79,7.840339388999999,chickpea
265,29,75,75,7.064790365,chickpea
266,44,59,78,7.599033472,chickpea
267,41,69,82,6.715587232000001,chickpea
268,52,56,85,6.81712422,chickpea
269,34,76,80,7.985417393,chickpea
270,42,74,83,7.545258424,chickpea
271,34,71,79,7.728998197,chickpea
272,27,73,79,7.354973451,chickpea
273,30,70,79,7.313122235,chickpea
274,57,57,75,7.785039076,chickpea
275,27,79,82,6.307004922999999,chickpea
276,32,71,85,6.4039823160000005,chickpea
277,31,76,82,7.599279991,chickpea
278,33,75,84,7.217018459,chickpea
279,47,80,77,7.561108006,chickpea
280,54,62,80,7.489545074,chickpea
281,47,79,78,6.609696734,chickpea
282,35,57,83,7.476800943,chickpea
283,53,73,77,7.325451279,chickpea
284,45,61,78,6.489389282,chickpea
285,37,78,79,7.786366322,chickpea
286,30,75,81,6.4084378860000015,chickpea
287,37,55,82,8.423873703,chickpea
288,53,65,76,8.719960893,chickpea
289,22,60,85,7.811997977000001,chickpea
290,60,61,78,6.317153205,chickpea
291,42,67,77,7.114405288,chickpea
292,39,76,76,8.135900726000001,chickpea
293,35,63,76,7.714153037999999,chickpea
294,30,65,82,7.103798069,chickpea
295,57,56,78,8.861479668,chickpea
296,48,65,78,7.861128148,chickpea
297,36,56,83,7.4526709,chickpea
298,40,58,75,7.168096055,chickpea
299,49,69,82,7.26311855,chickpea
300,13,60,25,5.68597166,kidneybeans
301,25,70,16,5.759237003,kidneybeans
302,31,55,22,5.873171894,kidneybeans
303,40,64,16,5.926676985,kidneybeans
304,2,61,20,5.95561668,kidneybeans
305,26,65,22,5.9499490810000015,kidneybeans
306,17,57,21,5.789214288999999,kidneybeans
307,26,80,18,5.581021521,kidneybeans
308,17,59,17,5.689858133,kidneybeans
309,27,59,22,5.794158503999999,kidneybeans
310,28,58,24,5.748190462999999,kidneybeans
311,25,57,19,5.566522896,kidneybeans
312,28,80,17,5.809419584,kidneybeans
313,25,60,22,5.887263027,kidneybeans
314,12,78,23,5.99812453,kidneybeans
315,6,77,25,5.792744849,kidneybeans
316,22,79,17,5.912289889,kidneybeans
317,27,80,15,5.7883869510000014,kidneybeans
318,10,55,23,5.728233081,kidneybeans
319,23,65,20,5.833940084,kidneybeans
320,19,78,16,5.967533236,kidneybeans
321,19,65,25,5.6250964460000015,kidneybeans
322,22,70,19,5.515615023,kidneybeans
323,37,64,22,5.954665349,kidneybeans
324,11,71,17,5.74644777,kidneybeans
325,18,79,20,5.877347515,kidneybeans
326,21,63,17,5.979973965,kidneybeans
327,24,80,22,5.635993966,kidneybeans
328,34,60,22,5.635231778,kidneybeans
329,16,75,21,5.679224346,kidneybeans
330,17,77,23,5.670062975,kidneybeans
331,37,72,18,5.724242065,kidneybeans
332,40,73,20,5.811314232000001,kidneybeans
333,9,77,17,5.783425416,kidneybeans
334,1,62,23,5.607808432000001,kidneybeans
335,33,59,22,5.946999529,kidneybeans
336,23,59,19,5.852046999,kidneybeans
337,6,62,22,5.824090984,kidneybeans
338,25,63,20,5.502999119,kidneybeans
339,7,79,23,5.821649914,kidneybeans
340,8,72,17,5.711439256,kidneybeans
341,27,64,15,5.514927264,kidneybeans
342,28,66,23,5.99616119,kidneybeans
343,32,57,18,5.695422862999999,kidneybeans
344,27,56,22,5.833010957999999,kidneybeans
345,17,77,24,5.568456899,kidneybeans
346,0,65,15,5.645435626,kidneybeans
347,13,72,21,5.821194486,kidneybeans
348,34,60,23,5.659254981,kidneybeans
349,9,80,19,5.945465949,kidneybeans
350,11,72,20,5.9511774520000005,kidneybeans
351,3,67,24,5.520880013999999,kidneybeans
352,35,69,23,5.578410206,kidneybeans
353,3,77,25,5.608165195,kidneybeans
354,23,62,19,5.609435127999999,kidneybeans
355,22,71,17,5.509295379,kidneybeans
356,31,79,25,5.902033406,kidneybeans
357,34,59,18,5.744117663,kidneybeans
358,12,63,17,5.717143397,kidneybeans
359,27,56,20,5.542690119,kidneybeans
360,7,63,24,5.858617867,kidneybeans
361,24,67,22,5.618844277000001,kidneybeans
362,11,71,24,5.6066203460000015,kidneybeans
363,37,74,15,5.582178402,kidneybeans
364,25,76,24,5.56503533,kidneybeans
365,34,66,17,5.889614577000001,kidneybeans
366,20,69,15,5.934136378,kidneybeans
367,37,65,16,5.683548308,kidneybeans
368,18,74,15,5.70836603,kidneybeans
369,4,67,25,5.948164454,kidneybeans
370,37,56,25,5.774755143999999,kidneybeans
371,5,59,15,5.97229163,kidneybeans
372,11,61,21,5.532100554,kidneybeans
373,22,80,20,5.669560726,kidneybeans
374,12,61,19,5.655726817000001,kidneybeans
375,5,74,21,5.591704013999999,kidneybeans
376,27,69,22,5.932323085,kidneybeans
377,31,75,18,5.824208308999999,kidneybeans
378,36,68,20,5.86442953,kidneybeans
379,5,65,16,5.866744372,kidneybeans
380,32,79,15,5.706198621,kidneybeans
381,11,78,22,5.940546818,kidneybeans
382,0,55,22,5.916779289,kidneybeans
383,14,59,15,5.779090476,kidneybeans
384,29,68,23,5.82738029,kidneybeans
385,32,68,19,5.514234138,kidneybeans
386,17,64,17,5.662699104,kidneybeans
387,13,69,19,5.86390397,kidneybeans
388,14,67,22,5.624690247999999,kidneybeans
389,9,69,20,5.591560999,kidneybeans
390,20,73,22,5.976312537999999,kidneybeans
391,40,78,20,5.669236258,kidneybeans
392,27,72,23,5.961934481,kidneybeans
393,14,67,15,5.690065688,kidneybeans
394,7,56,18,5.698371311,kidneybeans
395,27,65,18,5.59503163,kidneybeans
396,30,63,16,5.5259045260000015,kidneybeans
397,37,70,25,5.819403771,kidneybeans
398,27,63,19,5.562201934,kidneybeans
399,22,60,24,5.630664753,kidneybeans
400,3,72,24,6.03160778,pigeonpeas
401,40,59,23,5.269084669,pigeonpeas
402,33,73,23,5.985792703,pigeonpeas
403,27,57,24,6.09186275,pigeonpeas
404,10,79,18,5.624731337999999,pigeonpeas
405,30,75,25,6.446091759,pigeonpeas
406,40,70,20,5.623490042999999,pigeonpeas
407,38,55,19,5.864623352000001,pigeonpeas
408,35,58,20,5.761702519,pigeonpeas
409,38,61,21,4.696518678,pigeonpeas
410,33,58,24,5.269504214,pigeonpeas
411,16,56,17,7.445444882999999,pigeonpeas
412,31,72,17,5.833031707999999,pigeonpeas
413,16,80,20,7.3393209289999986,pigeonpeas
414,27,72,17,6.347929353,pigeonpeas
415,40,62,19,4.697750704,pigeonpeas
416,18,58,16,4.962661422,pigeonpeas
417,3,68,16,4.964887857,pigeonpeas
418,26,67,24,5.642813116,pigeonpeas
419,16,70,20,5.6093956,pigeonpeas
420,24,63,19,4.681576043,pigeonpeas
421,9,76,25,5.70951224,pigeonpeas
422,16,55,19,6.413543781,pigeonpeas
423,28,75,21,6.007508163,pigeonpeas
424,16,71,24,4.946369874,pigeonpeas
425,24,70,21,5.517208078,pigeonpeas
426,38,72,21,5.902103172,pigeonpeas
427,9,66,21,5.719889876,pigeonpeas
428,34,56,17,4.548202098,pigeonpeas
429,1,76,19,6.6695294160000005,pigeonpeas
430,6,69,19,4.7509292180000005,pigeonpeas
431,26,73,21,4.946263888,pigeonpeas
432,27,61,18,5.266227032,pigeonpeas
433,27,71,23,7.10959773,pigeonpeas
434,36,61,21,5.617008201,pigeonpeas
435,17,73,18,5.632353113,pigeonpeas
436,26,72,22,4.674941549,pigeonpeas
437,17,64,16,7.161797643,pigeonpeas
438,14,74,19,6.624966131,pigeonpeas
439,39,60,15,5.004074623999999,pigeonpeas
440,6,66,15,6.3458060110000005,pigeonpeas
441,8,59,18,6.216814453,pigeonpeas
442,2,67,18,5.921666758,pigeonpeas
443,1,76,17,6.012719118,pigeonpeas
444,16,73,19,4.684079249,pigeonpeas
445,23,75,25,7.077170002000001,pigeonpeas
446,32,70,20,6.208843215,pigeonpeas
447,28,59,22,7.05181629,pigeonpeas
448,5,62,23,4.722222454,pigeonpeas
449,36,67,25,6.418062652000001,pigeonpeas
450,1,66,23,4.803564468,pigeonpeas
451,24,73,20,4.608695247,pigeonpeas
452,17,67,18,5.611510977000001,pigeonpeas
453,5,55,18,7.322097972000001,pigeonpeas
454,5,56,24,5.023115055,pigeonpeas
455,37,77,17,5.617122801,pigeonpeas
456,13,73,20,5.391560417999999,pigeonpeas
457,6,63,23,5.906596905,pigeonpeas
458,16,77,22,6.574209678,pigeonpeas
459,25,64,20,4.807776748999999,pigeonpeas
460,34,75,24,4.760038038999999,pigeonpeas
461,20,77,23,5.180271502,pigeonpeas
462,35,80,25,4.895927306,pigeonpeas
463,14,75,24,6.436160044,pigeonpeas
464,36,80,21,7.066087261,pigeonpeas
465,7,77,18,6.655918077999999,pigeonpeas
466,29,78,25,5.982854522999999,pigeonpeas
467,30,60,21,5.457871272999999,pigeonpeas
468,20,74,16,4.759490199,pigeonpeas
469,19,57,23,7.342409555,pigeonpeas
470,3,60,19,4.820788186000001,pigeonpeas
471,5,77,19,6.242052013,pigeonpeas
472,5,68,20,5.001038726,pigeonpeas
473,37,73,21,5.560224582999999,pigeonpeas
474,9,59,24,4.747352458,pigeonpeas
475,20,72,15,7.313517308,pigeonpeas
476,31,56,23,5.661826398,pigeonpeas
477,0,70,21,4.672437054,pigeonpeas
478,21,74,15,6.471862118,pigeonpeas
479,13,67,18,5.384762927000001,pigeonpeas
480,27,74,20,5.8598134160000015,pigeonpeas
481,29,72,24,6.962386495,pigeonpeas
482,5,68,20,6.12166671,pigeonpeas
483,39,57,19,6.421748487,pigeonpeas
484,22,62,16,4.828936119,pigeonpeas
485,18,55,23,6.98571967,pigeonpeas
486,39,77,21,4.603563116,pigeonpeas
487,13,75,20,6.979540061,pigeonpeas
488,27,71,24,7.064973419,pigeonpeas
489,26,64,22,5.16516459,pigeonpeas
490,23,55,16,5.111488821,pigeonpeas
491,4,69,19,5.374358869,pigeonpeas
492,20,67,19,5.671419084,pigeonpeas
493,7,74,17,5.667419697000001,pigeonpeas
494,17,64,18,6.07938452,pigeonpeas
495,35,71,17,6.931924962999999,pigeonpeas
496,11,72,22,6.842744374,pigeonpeas
497,20,60,22,6.876572502999999,pigeonpeas
498,10,71,18,6.151029296,pigeonpeas
499,33,61,24,4.567446499,pigeonpeas
500,3,49,18,3.692863601,mothbeans
501,22,59,23,4.371745575,mothbeans
502,36,58,25,8.399135957999999,mothbeans
503,4,43,18,8.840656256,mothbeans
504,29,54,16,8.153022903,mothbeans
505,32,43,22,5.270749441,mothbeans
506,14,55,15,8.050304395,mothbeans
507,5,35,20,9.679240873,mothbeans
508,25,57,24,6.974978386,mothbeans
509,11,53,24,7.39389918,mothbeans
510,40,49,17,6.68727523,mothbeans
511,38,56,25,7.88118645,mothbeans
512,27,43,23,5.875333778,mothbeans
513,24,38,22,8.202706015,mothbeans
514,23,45,21,8.985348193,mothbeans
515,29,57,20,5.87707519,mothbeans
516,31,35,23,7.707595055,mothbeans
517,0,55,25,4.524171562,mothbeans
518,7,45,22,9.926212291,mothbeans
519,17,58,25,6.455592696,mothbeans
520,11,44,17,8.016210782,mothbeans
521,22,49,22,3.71105919,mothbeans
522,9,51,19,5.49091063,mothbeans
523,28,48,15,9.254089438,mothbeans
524,26,50,19,6.005242945,mothbeans
525,36,56,20,7.437078236,mothbeans
526,8,60,18,3.808429173,mothbeans
527,24,37,21,5.818219385,mothbeans
528,22,43,24,4.52363558,mothbeans
529,36,43,24,3.510404312,mothbeans
530,22,44,24,6.030447288,mothbeans
531,17,43,22,5.498340807999999,mothbeans
532,8,45,15,4.61136408,mothbeans
533,7,56,23,5.545219232000001,mothbeans
534,36,57,16,8.292875733999999,mothbeans
535,11,45,19,3.828031463,mothbeans
536,6,36,22,8.869532817,mothbeans
537,17,57,20,3.793575185,mothbeans
538,4,47,20,4.193189124,mothbeans
539,9,49,16,7.661537347999999,mothbeans
540,25,51,24,9.392694614,mothbeans
541,36,44,21,4.516154055,mothbeans
542,21,38,20,5.794289715,mothbeans
543,37,57,20,7.354286985,mothbeans
544,32,48,18,5.993513566,mothbeans
545,29,44,20,8.620107545,mothbeans
546,25,51,18,9.45949344,mothbeans
547,10,44,24,8.0344125,mothbeans
548,23,35,18,5.414492777,mothbeans
549,9,60,23,6.2760043360000015,mothbeans
550,3,58,21,9.160691747,mothbeans
551,22,42,22,7.887658711,mothbeans
552,12,39,21,8.183844843,mothbeans
553,39,36,22,9.072011412,mothbeans
554,32,41,16,7.702287236,mothbeans
555,30,41,15,5.88509677,mothbeans
556,19,36,22,6.16496284,mothbeans
557,4,46,15,3.504752314,mothbeans
558,21,39,20,7.388007482999999,mothbeans
559,35,57,25,8.340398059,mothbeans
560,22,55,24,8.66077954,mothbeans
561,35,51,17,3.558822825,mothbeans
562,17,56,17,5.9565851,mothbeans
563,28,57,17,9.416003106,mothbeans
564,22,36,16,8.18422855,mothbeans
565,11,41,19,5.131779302,mothbeans
566,38,38,18,6.294130312999999,mothbeans
567,23,37,24,7.991902443,mothbeans
568,25,35,20,8.923095695,mothbeans
569,40,45,20,6.878498176,mothbeans
570,23,58,19,5.243634848999999,mothbeans
571,2,56,23,7.550090941,mothbeans
572,3,56,17,8.709291687999999,mothbeans
573,26,51,25,7.792508067999999,mothbeans
574,39,42,20,8.055908857999999,mothbeans
575,27,59,20,4.397698806,mothbeans
576,24,45,19,5.9523849570000005,mothbeans
577,7,40,17,8.532078732999999,mothbeans
578,15,45,23,7.224193642,mothbeans
579,26,52,23,4.931890506,mothbeans
580,20,45,16,4.626212446,mothbeans
581,34,54,24,5.026003659,mothbeans
582,19,51,25,3.5253661,mothbeans
583,29,41,21,8.86979671,mothbeans
584,20,50,22,9.406887533,mothbeans
585,11,40,23,5.80428611,mothbeans
586,15,54,15,8.35495812,mothbeans
587,35,55,22,8.634929739,mothbeans
588,9,59,25,7.699200949,mothbeans
589,40,45,18,5.261285926,mothbeans
590,35,38,19,9.112771682,mothbeans
591,14,58,17,4.605700542,mothbeans
592,40,55,18,7.115994051,mothbeans
593,18,36,23,7.214078621,mothbeans
594,35,52,15,9.93509073,mothbeans
595,4,59,22,8.914074888,mothbeans
596,22,51,16,8.639586199,mothbeans
597,33,47,17,8.621514073,mothbeans
598,2,51,17,5.838508699,mothbeans
599,16,51,21,3.532008668,mothbeans
600,19,55,20,7.18530147,mungbean
601,8,54,20,7.034214276,mungbean
602,36,55,20,6.635968697999999,mungbean
603,10,56,16,6.828187498999998,mungbean
604,22,56,17,6.89077995,mungbean
605,9,57,24,7.165121108999998,mungbean
606,34,59,23,6.935804256,mungbean
607,31,51,25,7.196774236,mungbean
608,0,49,18,6.990095452,mungbean
609,21,39,20,7.064782137999999,mungbean
610,28,35,22,7.156563094,mungbean
611,17,52,17,6.364967184,mungbean
612,24,42,23,6.428054409,mungbean
613,28,46,16,6.664187809,mungbean
614,21,38,21,6.637677489,mungbean
615,34,60,25,6.79385576,mungbean
616,19,53,22,6.852884642999999,mungbean
617,31,58,15,7.121571293,mungbean
618,19,35,24,6.883308033,mungbean
619,24,53,17,6.421271178,mungbean
620,13,47,20,6.54450214,mungbean
621,31,53,16,6.452006451,mungbean
622,28,45,23,6.489259136,mungbean
623,31,37,21,6.713410626,mungbean
624,33,60,15,6.510840928,mungbean
625,34,45,21,6.2873801170000005,mungbean
626,13,57,25,6.86308576,mungbean
627,33,57,17,6.78415271,mungbean
628,32,57,22,6.769415887999999,mungbean
629,23,59,25,6.320768488,mungbean
630,35,41,18,6.705008503999999,mungbean
631,6,48,24,6.790736339,mungbean
632,29,36,25,7.130278657000001,mungbean
633,4,36,22,7.012740397000001,mungbean
634,10,59,22,7.1556850160000005,mungbean
635,14,48,21,6.991242362,mungbean
636,8,50,21,6.218923893,mungbean
637,20,40,15,7.199495367999999,mungbean
638,36,43,22,6.3898821660000005,mungbean
639,14,57,15,6.623438282,mungbean
640,11,60,23,7.033012777000001,mungbean
641,10,59,15,6.32400451,mungbean
642,7,60,25,6.397636709,mungbean
643,2,47,15,6.401455706,mungbean
644,20,45,22,6.904587016,mungbean
645,2,39,15,6.478557136,mungbean
646,27,40,24,7.063022095,mungbean
647,35,48,15,6.981758362000001,mungbean
648,4,59,25,6.227134139,mungbean
649,1,48,24,6.232836962,mungbean
650,36,43,21,7.140437859,mungbean
651,11,46,24,6.459252023,mungbean
652,34,47,19,6.568795403999999,mungbean
653,21,44,18,7.12851089,mungbean
654,17,58,20,6.42937879,mungbean
655,25,40,21,6.248900919,mungbean
656,2,38,18,6.619891497999999,mungbean
657,9,48,20,6.377568542000001,mungbean
658,37,49,25,6.415459592,mungbean
659,36,38,15,6.3206620120000006,mungbean
660,40,58,15,6.978400282000001,mungbean
661,30,44,16,6.442335592999999,mungbean
662,1,59,23,7.184398832,mungbean
663,9,48,22,6.402926221,mungbean
664,14,41,17,7.085982325,mungbean
665,35,52,19,6.698574085,mungbean
666,31,48,17,6.594739424,mungbean
667,4,41,20,6.647965508,mungbean
668,30,37,25,7.120032489,mungbean
669,9,35,20,6.91380932,mungbean
670,20,41,20,7.073048264,mungbean
671,37,50,23,6.5304707,mungbean
672,34,35,21,6.684381357,mungbean
673,14,37,15,6.581351374,mungbean
674,23,39,22,6.86483915,mungbean
675,5,45,21,6.487124217000001,mungbean
676,22,37,20,6.605733067999999,mungbean
677,40,51,17,6.860602782000001,mungbean
678,27,56,20,6.41874299,mungbean
679,31,40,22,6.365513634,mungbean
680,38,36,21,6.5563729660000005,mungbean
681,6,37,17,6.760694227999999,mungbean
682,6,47,18,6.715276662999999,mungbean
683,24,44,17,6.666380512000001,mungbean
684,25,59,19,6.626629798,mungbean
685,32,56,21,6.702772465,mungbean
686,8,45,18,7.011030515,mungbean
687,19,39,17,6.890156495,mungbean
688,39,37,15,6.821747052,mungbean
689,33,37,19,7.183189922,mungbean
690,26,54,17,6.27258822,mungbean
691,21,51,15,6.679127482,mungbean
692,22,54,20,6.689825155,mungbean
693,29,45,16,6.583381939,mungbean
694,4,40,21,6.725551062,mungbean
695,10,37,22,7.069747813999999,mungbean
696,4,44,19,6.921993877999999,mungbean
697,20,45,17,6.770955317,mungbean
698,23,45,23,6.983130466,mungbean
699,25,48,21,6.267684328,mungbean
700,56,79,15,7.454532137,blackgram
701,25,62,21,7.040056094,blackgram
702,42,61,22,7.418650668,blackgram
703,42,73,25,6.501869314,blackgram
704,44,58,18,6.814410927999999,blackgram
705,50,55,16,7.581442888,blackgram
706,35,72,21,7.741418772,blackgram
707,30,64,20,6.573531614,blackgram
708,27,64,21,7.543804222999999,blackgram
709,50,74,17,6.5408208,blackgram
710,39,73,24,7.22405917,blackgram
711,57,67,25,7.551364319,blackgram
712,52,63,19,6.928898659,blackgram
713,55,66,22,7.747775262999999,blackgram
714,51,56,18,6.706505915,blackgram
715,36,66,15,6.668238556,blackgram
716,59,55,19,7.332375138,blackgram
717,50,58,23,7.596802025,blackgram
718,30,65,25,7.70650895,blackgram
719,20,62,18,7.366542647,blackgram
720,58,71,15,6.919243702,blackgram
721,25,71,24,7.187721817999999,blackgram
722,52,71,16,7.0758864720000005,blackgram
723,40,63,18,6.74441168,blackgram
724,20,60,25,6.726469087999999,blackgram
725,48,61,21,6.628264883,blackgram
726,49,68,22,7.127064207,blackgram
727,48,62,15,7.538631462000001,blackgram
728,32,66,17,7.162357641,blackgram
729,21,63,22,6.859409487000001,blackgram
730,20,72,19,7.397190844,blackgram
731,25,65,21,6.880245789,blackgram
732,41,78,21,6.581313137,blackgram
733,53,67,17,7.296972161,blackgram
734,39,60,21,6.97297656,blackgram
735,25,76,17,7.241148507,blackgram
736,21,78,19,6.92009048,blackgram
737,57,60,17,7.504608385,blackgram
738,56,75,15,7.152272256,blackgram
739,49,72,15,7.137004749,blackgram
740,24,80,19,6.8080417220000005,blackgram
741,49,76,18,7.393631868,blackgram
742,28,68,19,7.69950698,blackgram
743,55,78,21,6.602888248999999,blackgram
744,50,64,25,6.734447425,blackgram
745,34,80,19,6.521217963,blackgram
746,20,68,23,7.707332484,blackgram
747,55,67,16,6.596719015,blackgram
748,23,70,15,7.403623355,blackgram
749,53,74,15,7.517097,blackgram
750,26,67,16,7.17620823,blackgram
751,33,80,22,6.593961761,blackgram
752,37,79,19,7.143942758,blackgram
753,33,75,21,6.690655045,blackgram
754,22,55,20,7.423530351,blackgram
755,20,68,17,6.578714842999999,blackgram
756,43,68,20,7.497469256,blackgram
757,44,76,22,7.775306272000001,blackgram
758,34,60,16,7.322555222999999,blackgram
759,21,72,17,7.580527339,blackgram
760,25,68,19,7.1084501210000015,blackgram
761,41,62,15,7.358974541,blackgram
762,28,65,23,7.405176138,blackgram
763,35,64,15,6.500144962,blackgram
764,52,58,16,7.167435834,blackgram
765,58,75,25,7.261791753,blackgram
766,34,66,19,7.586642101,blackgram
767,52,70,16,7.534811832999999,blackgram
768,23,57,19,7.251000789,blackgram
769,42,58,25,6.513620917999999,blackgram
770,37,62,17,7.121254928,blackgram
771,44,75,22,7.574561547,blackgram
772,21,80,20,7.350869792,blackgram
773,56,76,16,7.5131510760000015,blackgram
774,29,76,15,7.0256077060000015,blackgram
775,43,61,20,6.804253866,blackgram
776,55,60,15,7.163043872,blackgram
777,44,63,15,7.338929556,blackgram
778,29,67,21,6.621323612,blackgram
779,47,63,16,6.661870999,blackgram
780,40,68,17,7.733149554,blackgram
781,58,61,15,7.402891666,blackgram
782,41,74,18,6.599147297999999,blackgram
783,58,79,17,7.04174124,blackgram
784,27,62,24,7.353876754,blackgram
785,27,60,17,7.026795358999999,blackgram
786,52,65,20,6.814301033,blackgram
787,44,55,25,7.42160832,blackgram
788,21,62,24,6.8473828910000005,blackgram
789,60,59,22,7.191522601,blackgram
790,33,77,21,7.01285529,blackgram
791,59,58,17,7.368318809,blackgram
792,29,63,17,7.26154329,blackgram
793,59,63,18,6.52669158,blackgram
794,29,70,15,6.872594461,blackgram
795,58,73,16,6.874142175,blackgram
796,55,77,22,7.76061831,blackgram
797,42,79,23,6.781841984,blackgram
798,44,77,21,7.326980454,blackgram
799,38,62,25,7.453975408,blackgram
800,32,76,15,7.604110177000001,lentil
801,13,61,22,7.728832424,lentil
802,38,60,20,7.491217102,lentil
803,11,74,17,6.633864582,lentil
804,37,71,16,7.324863481,lentil
805,29,71,18,6.410441476,lentil
806,2,72,18,7.836719564,lentil
807,6,59,21,6.139215944,lentil
808,13,64,20,6.590571088,lentil
809,8,58,17,7.286049977999999,lentil
810,6,77,20,6.058306161,lentil
811,2,75,22,6.658605362,lentil
812,3,69,23,7.299360767,lentil
813,27,80,24,7.815210661,lentil
814,39,78,15,5.925391795,lentil
815,40,79,17,6.403683619,lentil
816,37,62,22,7.397546271,lentil
817,31,60,24,7.722335992,lentil
818,22,67,22,7.475926645,lentil
819,3,78,18,6.887130053,lentil
820,4,80,16,7.441976825,lentil
821,13,61,24,7.629910252999999,lentil
822,12,66,20,7.336117221,lentil
823,4,61,21,6.75020529,lentil
824,9,60,21,7.52178027,lentil
825,18,66,22,6.347379185,lentil
826,32,56,18,7.135251532000001,lentil
827,6,72,15,7.670178119,lentil
828,15,77,20,7.399749291,lentil
829,0,65,24,7.841496029,lentil
830,30,79,22,6.254216611,lentil
831,3,63,16,6.868881707999999,lentil
832,2,78,23,7.320514721,lentil
833,10,78,18,6.296976913,lentil
834,14,67,25,7.241151936,lentil
835,39,65,23,7.685959305,lentil
836,19,72,15,6.890760124,lentil
837,18,57,21,6.155915975,lentil
838,31,58,15,6.167855382000001,lentil
839,28,58,25,6.861640036,lentil
840,5,65,19,6.978361689,lentil
841,16,65,19,7.043160241,lentil
842,34,65,19,5.94239222,lentil
843,14,69,19,7.239455147,lentil
844,22,55,16,6.516317561,lentil
845,24,61,17,6.233269045,lentil
846,2,79,15,7.505283615,lentil
847,26,63,17,6.950300686,lentil
848,27,61,15,6.958054839,lentil
849,24,70,16,6.54803469,lentil
850,13,74,25,6.461618577,lentil
851,6,64,23,7.065264073,lentil
852,12,58,23,6.765091462000001,lentil
853,32,79,22,5.91645379,lentil
854,6,68,18,6.711341147000001,lentil
855,10,79,20,6.379881442,lentil
856,38,77,22,6.313284267999999,lentil
857,17,74,17,7.393210848,lentil
858,26,68,24,7.504930973,lentil
859,23,75,17,7.198076286,lentil
860,32,78,22,7.007037515,lentil
861,19,79,19,6.677262562,lentil
862,22,60,18,6.74398035,lentil
863,28,69,16,6.547361617999999,lentil
864,1,67,21,6.551577598,lentil
865,12,67,23,6.585020302999999,lentil
866,36,67,20,6.924042372000001,lentil
867,28,70,21,7.437373666,lentil
868,12,71,19,7.142611056000002,lentil
869,22,68,16,7.74672376,lentil
870,26,66,22,6.300479414,lentil
871,16,65,16,6.078724107,lentil
872,14,59,22,6.76660668,lentil
873,33,59,19,7.641024177,lentil
874,21,63,17,6.559681838,lentil
875,0,69,21,7.072923306,lentil
876,10,75,17,7.732194787999999,lentil
877,30,61,18,6.157782589,lentil
878,0,74,17,7.240988401,lentil
879,35,74,22,6.898905799,lentil
880,7,63,24,6.818681086000002,lentil
881,9,56,17,6.261937875,lentil
882,14,74,15,6.493036868,lentil
883,14,76,20,7.042474679,lentil
884,36,65,16,7.692013657,lentil
885,28,67,21,6.250994222999999,lentil
886,28,79,16,6.0521848810000005,lentil
887,40,61,22,7.002216044,lentil
888,10,70,19,7.272427638,lentil
889,12,80,19,5.962001484,lentil
890,37,77,20,7.080506001,lentil
891,0,67,22,6.5937983870000005,lentil
892,7,73,25,7.28805662,lentil
893,10,56,18,7.32710972,lentil
894,39,70,15,6.366355781,lentil
895,26,56,22,7.011121216,lentil
896,9,77,17,6.280725549,lentil
897,4,59,19,7.621494566,lentil
898,34,73,15,7.630424082999999,lentil
899,33,77,15,7.802212437,lentil
900,2,24,38,5.922935513,pomegranate
901,6,18,37,5.937649577999999,pomegranate
902,8,26,36,6.804781106,pomegranate
903,37,18,39,6.424670614,pomegranate
904,0,27,38,6.7380162210000005,pomegranate
905,31,25,38,6.4973666770000005,pomegranate
906,21,21,38,6.327673765,pomegranate
907,6,30,40,6.36137446,pomegranate
908,25,27,41,6.9235093710000015,pomegranate
909,15,11,38,6.630646082999999,pomegranate
910,14,5,36,5.832525853,pomegranate
911,16,10,41,6.738993954,pomegranate
912,36,7,37,5.782435567,pomegranate
913,4,20,41,6.537042717,pomegranate
914,29,22,40,6.145104401,pomegranate
915,16,15,42,6.890784045,pomegranate
916,18,27,41,7.175344328,pomegranate
917,11,18,42,5.938528744,pomegranate
918,5,15,38,5.709380472,pomegranate
919,18,23,44,6.184400085,pomegranate
920,9,8,40,6.553509673,pomegranate
921,40,27,45,5.885638185,pomegranate
922,22,23,44,6.1438746910000015,pomegranate
923,9,16,39,6.101198974,pomegranate
924,12,29,40,6.594037135,pomegranate
925,0,17,42,6.8598408210000015,pomegranate
926,2,21,44,6.56893406,pomegranate
927,28,6,40,6.769855664,pomegranate
928,8,23,44,7.130837931,pomegranate
929,29,16,36,5.7403380020000006,pomegranate
930,17,18,43,5.843005428,pomegranate
931,34,21,42,6.648687273999999,pomegranate
932,21,23,42,6.902751061,pomegranate
933,25,17,40,6.608023872,pomegranate
934,8,25,36,6.828522375,pomegranate
935,26,18,42,6.910374919,pomegranate
936,4,19,42,6.306605528,pomegranate
937,36,24,41,7.009180374,pomegranate
938,5,24,40,6.297907578999999,pomegranate
939,19,17,39,6.728599215,pomegranate
940,39,30,38,6.965156737999999,pomegranate
941,5,29,44,5.578095745,pomegranate
942,4,24,43,7.199504273,pomegranate
943,38,21,35,5.841367187,pomegranate
944,37,11,36,6.710143266,pomegranate
945,9,25,41,5.972714857000001,pomegranate
946,29,22,43,5.561851831,pomegranate
947,5,21,38,6.107054807999999,pomegranate
948,22,26,38,6.988035315,pomegranate
949,4,18,37,7.13147457,pomegranate
950,21,6,41,7.086947687,pomegranate
951,29,21,45,6.749260456,pomegranate
952,23,5,44,7.16300467,pomegranate
953,13,7,43,7.013481515,pomegranate
954,5,13,37,5.648243648999999,pomegranate
955,27,24,41,6.610251186,pomegranate
956,7,23,35,7.054313822999999,pomegranate
957,12,20,39,6.026999326,pomegranate
958,4,19,43,5.7794274020000005,pomegranate
959,3,9,45,6.535244251,pomegranate
960,1,27,36,5.684995235,pomegranate
961,23,30,44,6.12476108,pomegranate
962,24,21,42,6.999014379,pomegranate
963,13,30,37,6.277148771,pomegranate
964,40,11,44,6.322396027000001,pomegranate
965,21,9,40,5.956401828,pomegranate
966,3,27,44,6.591302797000001,pomegranate
967,40,29,42,7.104094929,pomegranate
968,14,25,40,6.407872061,pomegranate
969,38,14,37,6.658402594,pomegranate
970,34,9,36,6.276038961,pomegranate
971,32,14,37,6.825256236,pomegranate
972,18,21,35,6.368560522,pomegranate
973,8,23,38,7.005410734,pomegranate
974,15,6,41,6.8973684770000006,pomegranate
975,0,5,36,6.152906502,pomegranate
976,22,9,44,5.744361602000001,pomegranate
977,14,8,43,7.051654924,pomegranate
978,31,11,45,6.034612928,pomegranate
979,39,17,45,6.9244907310000015,pomegranate
980,10,5,42,6.887005997,pomegranate
981,8,28,38,6.8444019,pomegranate
982,32,13,42,5.786058032000001,pomegranate
983,18,9,40,5.627186257000001,pomegranate
984,20,27,41,5.700088663,pomegranate
985,39,25,36,5.567805185,pomegranate
986,20,7,45,6.077886012,pomegranate
987,11,10,45,6.397995609,pomegranate
988,40,18,43,5.767372539,pomegranate
989,3,26,39,7.079973241,pomegranate
990,9,16,36,5.893332377999999,pomegranate
991,30,20,38,7.058222596,pomegranate
992,40,9,41,5.78270695,pomegranate
993,40,30,35,6.269663962999999,pomegranate
994,32,25,35,5.892913826,pomegranate
995,33,23,45,7.116538883,pomegranate
996,4,14,41,6.430163481,pomegranate
997,13,17,45,7.159520979,pomegranate
998,39,24,39,6.431265737,pomegranate
999,8,28,37,6.082571701,pomegranate
1000,91,94,46,6.149934034,banana
1001,105,95,50,5.849076099,banana
1002,108,92,53,6.276800323,banana
1003,86,76,54,5.926824754,banana
1004,80,77,49,5.519088423,banana
1005,93,94,53,6.079178787999999,banana
1006,90,92,55,6.13465588,banana
1007,108,89,53,5.808497603999999,banana
1008,108,88,55,5.891458107,banana
1009,105,77,52,5.816622478999999,banana
1010,118,88,52,5.8431631610000005,banana
1011,101,87,54,6.376756632999999,banana
1012,95,75,50,5.623615687000001,banana
1013,106,85,53,5.91505509,banana
1014,86,95,49,6.458714879,banana
1015,83,79,55,5.565028635,banana
1016,85,95,47,6.211833161,banana
1017,109,79,45,6.490074429,banana
1018,100,76,45,5.590236025,banana
1019,117,86,48,6.225225238999999,banana
1020,114,94,53,6.190757458999999,banana
1021,110,78,50,5.915568968,banana
1022,94,70,48,6.195152442,banana
1023,80,71,47,6.156373499,banana
1024,114,79,51,6.313197204,banana
1025,88,78,45,6.324270089,banana
1026,112,73,48,5.7074889870000005,banana
1027,117,76,47,6.119216009,banana
1028,111,87,48,5.571401169,banana
1029,89,83,47,5.63127166,banana
1030,93,91,47,6.101241579,banana
1031,92,81,52,6.438137278999998,banana
1032,105,74,45,6.098369122,banana
1033,102,71,48,5.695267822000001,banana
1034,94,91,51,5.6180944460000015,banana
1035,116,71,47,6.435785799,banana
1036,117,79,49,6.176644228,banana
1037,119,72,55,6.220643671,banana
1038,99,73,53,5.8717022110000014,banana
1039,91,84,52,6.390741836,banana
1040,80,90,47,6.21084479,banana
1041,101,70,48,6.012696655,banana
1042,108,89,53,5.908770059,banana
1043,100,80,52,6.049801781,banana
1044,109,91,53,6.010095852999999,banana
1045,82,78,46,5.738678895,banana
1046,106,70,55,5.74055541,banana
1047,90,86,52,5.793260262,banana
1048,83,95,50,5.50947065,banana
1049,119,90,48,5.986442306,banana
1050,107,72,45,5.790768046,banana
1051,116,81,55,5.915546415,banana
1052,101,75,50,6.242528277999999,banana
1053,93,81,50,6.0360792660000016,banana
1054,95,75,45,5.829898502000001,banana
1055,107,71,55,6.088064451,banana
1056,83,94,47,6.469370954,banana
1057,102,73,54,5.720726906,banana
1058,86,79,45,5.80766417,banana
1059,117,86,53,5.703381727999999,banana
1060,111,79,53,6.165001277999999,banana
1061,95,74,50,6.002481605,banana
1062,91,75,55,6.212369363,banana
1063,93,83,46,5.765308943,banana
1064,92,85,51,5.740764682000001,banana
1065,104,80,54,5.879119455,banana
1066,103,72,51,6.099478745,banana
1067,92,75,45,5.674403358999999,banana
1068,93,85,49,5.694243847,banana
1069,120,87,52,5.905494703,banana
1070,108,72,46,6.110844721,banana
1071,105,88,54,6.020445317,banana
1072,98,79,50,6.435917308,banana
1073,111,88,55,5.505393832999999,banana
1074,97,74,45,5.677719902000001,banana
1075,95,82,48,5.719014989,banana
1076,89,91,55,6.275572297999999,banana
1077,89,85,55,6.275384607,banana
1078,118,88,51,6.201911642000001,banana
1079,101,92,45,5.758054257,banana
1080,99,92,47,6.3239336470000005,banana
1081,82,77,46,5.901100841,banana
1082,90,86,55,5.644486582000001,banana
1083,95,88,52,6.235461772000001,banana
1084,104,73,46,6.28236237,banana
1085,102,73,52,6.356090905,banana
1086,100,74,52,5.837258235,banana
1087,94,89,48,5.653437902,banana
1088,99,70,46,5.727469947,banana
1089,112,87,48,6.200111067999999,banana
1090,117,82,45,5.614471478,banana
1091,96,86,51,6.257369799,banana
1092,113,85,45,6.037430836,banana
1093,105,93,46,5.760457558,banana
1094,85,89,51,6.1581644220000005,banana
1095,108,94,47,6.387431382999999,banana
1096,92,81,52,5.891413895,banana
1097,110,71,54,5.725418961,banana
1098,82,75,55,6.281069505,banana
1099,117,81,53,5.507641777999999,banana
1100,2,40,27,5.954626604,mango
1101,39,24,31,4.757114897,mango
1102,21,26,27,5.6995869720000005,mango
1103,25,22,25,5.977413802999999,mango
1104,0,21,32,6.430139436,mango
1105,20,19,35,6.113935087000001,mango
1106,19,21,34,5.074272692,mango
1107,18,17,31,5.667507706,mango
1108,11,36,33,5.978634285,mango
1109,30,28,30,5.064613314,mango
1110,18,19,27,4.772385986000001,mango
1111,23,23,27,5.161148592,mango
1112,37,30,34,6.797779227,mango
1113,11,27,30,6.39474303,mango
1114,12,19,31,5.566704378,mango
1115,3,28,33,5.755049971,mango
1116,37,38,32,5.417340525,mango
1117,26,37,30,6.166173833999999,mango
1118,14,18,30,5.191265116,mango
1119,40,16,35,4.954739564,mango
1120,4,20,25,5.664587011,mango
1121,36,25,33,5.548584852,mango
1122,30,17,31,6.804437106,mango
1123,28,37,28,6.097869767000001,mango
1124,38,15,30,5.075504537,mango
1125,12,37,30,4.546466109,mango
1126,38,19,31,5.855119267999999,mango
1127,8,33,29,6.442393461,mango
1128,15,27,28,4.507523551,mango
1129,34,16,25,6.10729559,mango
1130,11,36,31,6.47544932,mango
1131,33,29,34,6.832979508999999,mango
1132,12,31,26,5.395275719,mango
1133,12,34,28,6.13526938,mango
1134,5,16,31,4.555688532,mango
1135,1,30,29,6.4341977560000005,mango
1136,16,35,31,5.316875978000001,mango
1137,35,18,26,5.279388967,mango
1138,4,40,26,6.720041791,mango
1139,9,29,34,5.72742254,mango
1140,2,38,33,4.691396195,mango
1141,26,32,32,6.810186079,mango
1142,34,38,31,6.454045329,mango
1143,5,32,33,5.842763773,mango
1144,31,29,26,5.024124683999999,mango
1145,34,34,35,6.422710539,mango
1146,36,19,32,4.94295037,mango
1147,7,17,26,6.414526606,mango
1148,38,15,27,6.777788126,mango
1149,5,19,25,6.441328044,mango
1150,37,36,26,4.650536197,mango
1151,21,31,32,5.254532213,mango
1152,37,36,27,5.910634533,mango
1153,23,23,30,4.755273631000001,mango
1154,36,26,26,6.814630246,mango
1155,24,33,35,5.342866119,mango
1156,26,18,30,6.336234623999999,mango
1157,22,17,26,4.754435025,mango
1158,11,34,32,6.831706773,mango
1159,29,35,28,6.9674177660000005,mango
1160,22,28,26,4.947683034,mango
1161,23,24,32,5.630619901,mango
1162,1,35,34,6.27339822,mango
1163,2,24,34,6.472774648,mango
1164,39,37,25,6.953246506,mango
1165,15,36,27,5.6437102160000014,mango
1166,3,18,31,6.392313972999999,mango
1167,8,38,32,4.981816523,mango
1168,33,31,34,5.421265282999999,mango
1169,14,29,32,6.942520105,mango
1170,18,20,26,5.435840509,mango
1171,9,21,32,5.870116071,mango
1172,20,30,27,4.74910393,mango
1173,9,38,25,5.497946899,mango
1174,26,24,34,6.811291098,mango
1175,31,36,29,6.460542749,mango
1176,14,18,35,4.791146778,mango
1177,40,16,35,6.4841522000000005,mango
1178,28,27,34,6.526654345,mango
1179,0,17,30,6.279133738,mango
1180,1,29,29,6.052026047000001,mango
1181,2,36,31,5.73171945,mango
1182,12,27,26,5.32307197,mango
1183,7,28,35,4.66910839,mango
1184,0,36,26,5.101206389,mango
1185,26,35,31,5.339556562,mango
1186,27,21,30,5.061081874,mango
1187,22,38,31,5.8211060360000015,mango
1188,22,18,31,5.956027059,mango
1189,28,23,28,5.676032581,mango
1190,7,31,27,6.524114355,mango
1191,29,34,26,6.2739536760000005,mango
1192,8,37,33,6.128167757000001,mango
1193,39,16,27,4.934964765,mango
1194,40,24,25,5.445008416,mango
1195,19,38,26,4.525722333,mango
1196,21,21,30,5.403908327999999,mango
1197,22,18,33,6.621623545,mango
1198,31,20,30,6.207495815,mango
1199,18,26,31,5.418475257000001,mango
1200,24,130,195,6.112305667,grapes
1201,13,144,204,6.092241627000001,grapes
1202,22,123,205,5.896343436,grapes
1203,36,125,196,6.15526103,grapes
1204,24,131,196,5.732453638,grapes
1205,2,123,198,6.253034534,grapes
1206,35,140,197,6.106190557000001,grapes
1207,11,122,195,5.647202395,grapes
1208,6,123,203,6.130310493,grapes
1209,17,134,204,6.499604931,grapes
1210,25,130,197,5.554831977,grapes
1211,27,145,205,5.800242694,grapes
1212,9,122,201,5.570290539,grapes
1213,16,139,203,6.27564088,grapes
1214,32,141,204,5.536645599,grapes
1215,22,138,195,6.208196881,grapes
1216,31,144,202,5.870600622,grapes
1217,3,136,205,6.334771461,grapes
1218,28,122,197,5.856575335,grapes
1219,4,136,204,5.898944282,grapes
1220,39,145,201,5.775600435,grapes
1221,38,132,197,5.931101816,grapes
1222,36,133,198,6.2286454,grapes
1223,25,121,201,5.594240602999999,grapes
1224,15,125,199,5.569230319,grapes
1225,24,140,205,5.93202852,grapes
1226,13,132,203,6.423216506,grapes
1227,5,126,197,6.417500829,grapes
1228,30,120,200,6.234904253,grapes
1229,23,142,197,6.000573725,grapes
1230,26,135,203,5.6851027689999984,grapes
1231,7,126,203,5.662140095,grapes
1232,32,139,198,6.358186848,grapes
1233,9,141,202,6.119495295,grapes
1234,20,142,196,6.207600782999999,grapes
1235,32,129,201,6.48754639,grapes
1236,3,134,199,5.81717753,grapes
1237,38,138,204,6.325480034,grapes
1238,14,131,198,5.562790949,grapes
1239,20,122,204,6.487369687,grapes
1240,40,126,201,6.116982944,grapes
1241,36,128,204,5.695792761,grapes
1242,11,132,197,5.7343170070000005,grapes
1243,0,137,195,6.329499832000001,grapes
1244,19,123,200,6.167013532,grapes
1245,31,136,197,5.653776057999999,grapes
1246,4,134,200,5.840256272,grapes
1247,39,139,201,5.5399808120000005,grapes
1248,8,127,196,5.833302165,grapes
1249,39,138,203,6.399433771,grapes
1250,32,120,204,6.138958698,grapes
1251,12,142,203,5.972850837999999,grapes
1252,8,133,195,6.456079585,grapes
1253,8,139,199,6.3364266670000005,grapes
1254,21,134,202,6.425419926,grapes
1255,40,140,195,6.2943956760000015,grapes
1256,39,127,202,6.477768039,grapes
1257,19,120,195,5.931538447,grapes
1258,21,139,201,5.980598579,grapes
1259,17,136,195,6.389783283,grapes
1260,33,139,203,5.693287415,grapes
1261,22,133,201,6.00299607,grapes
1262,32,130,196,6.372959542,grapes
1263,37,135,205,5.510924848999999,grapes
1264,15,140,195,5.69945282,grapes
1265,39,132,196,5.778594403,grapes
1266,40,121,199,6.315586313,grapes
1267,40,132,202,5.9718130060000005,grapes
1268,29,142,203,5.891195653,grapes
1269,32,121,199,6.129812716,grapes
1270,6,140,205,6.313085601,grapes
1271,8,120,196,6.053662544,grapes
1272,34,133,202,5.804799142,grapes
1273,35,135,199,6.400719746,grapes
1274,16,145,199,5.953966361,grapes
1275,8,136,201,5.6092559920000005,grapes
1276,25,129,195,5.777271492000001,grapes
1277,16,130,201,5.682395429,grapes
1278,39,129,203,5.863996687,grapes
1279,38,135,203,6.444373116,grapes
1280,33,120,205,5.550832177999999,grapes
1281,35,125,204,6.107741787999999,grapes
1282,1,132,200,5.620745638,grapes
1283,39,140,203,6.349875906,grapes
1284,28,145,202,6.484323189,grapes
1285,6,128,200,5.838748311,grapes
1286,6,139,199,6.29099842,grapes
1287,29,122,196,5.638328481,grapes
1288,37,144,197,6.415555956,grapes
1289,38,120,197,6.323722572,grapes
1290,38,141,198,5.757009965,grapes
1291,14,121,203,6.1586894060000015,grapes
1292,6,125,204,5.7335398070000005,grapes
1293,32,138,197,5.908724337000001,grapes
1294,11,124,204,6.361141107000001,grapes
1295,23,138,200,5.96537863,grapes
1296,40,143,201,6.476757723,grapes
1297,6,142,202,6.224542938,grapes
1298,37,124,195,6.209928251,grapes
1299,35,134,204,5.841138354,grapes
1300,119,25,51,6.283818329,watermelon
1301,119,19,55,6.818261382999999,watermelon
1302,105,30,50,6.37620108,watermelon
1303,114,8,50,6.581587932000001,watermelon
1304,93,22,52,6.932739726,watermelon
1305,80,26,55,6.140099215,watermelon
1306,85,27,45,6.467095849,watermelon
1307,85,22,53,6.849471704,watermelon
1308,82,22,45,6.512196212,watermelon
1309,118,13,54,6.039584629,watermelon
1310,83,25,53,6.057697106,watermelon
1311,86,15,47,6.423898762,watermelon
1312,101,10,47,6.936997681,watermelon
1313,119,9,50,6.251286661,watermelon
1314,104,17,46,6.190015912000001,watermelon
1315,95,12,51,6.681606702000001,watermelon
1316,102,14,52,6.51075991,watermelon
1317,109,21,55,6.770278088,watermelon
1318,81,18,50,6.429788072999999,watermelon
1319,103,17,51,6.209888345,watermelon
1320,105,14,50,6.419052193,watermelon
1321,97,8,52,6.237861736,watermelon
1322,120,19,49,6.762471628999998,watermelon
1323,95,16,55,6.612847999,watermelon
1324,83,29,52,6.704688865,watermelon
1325,83,9,45,6.049609892,watermelon
1326,91,21,50,6.762030215,watermelon
1327,116,5,54,6.65398725,watermelon
1328,112,28,54,6.738030547,watermelon
1329,88,29,51,6.095689937,watermelon
1330,118,15,45,6.538006356,watermelon
1331,92,21,48,6.377427122,watermelon
1332,106,14,45,6.417011754,watermelon
1333,99,5,47,6.649086972,watermelon
1334,98,8,51,6.25933595,watermelon
1335,108,22,46,6.121168559,watermelon
1336,119,7,55,6.031424482,watermelon
1337,117,27,48,6.835268183999999,watermelon
1338,109,10,53,6.5517503060000015,watermelon
1339,80,16,46,6.940236218,watermelon
1340,100,18,52,6.87606733,watermelon
1341,91,7,53,6.457216535,watermelon
1342,86,6,53,6.921847887999999,watermelon
1343,107,5,52,6.8814257460000015,watermelon
1344,103,16,49,6.915717008,watermelon
1345,101,20,48,6.206247493999999,watermelon
1346,85,25,47,6.29542477,watermelon
1347,84,7,51,6.399669044,watermelon
1348,102,28,54,6.862157042000001,watermelon
1349,98,25,52,6.224066378,watermelon
1350,97,25,50,6.093814669,watermelon
1351,90,16,45,6.291540277999999,watermelon
1352,95,12,46,6.32281728,watermelon
1353,82,23,49,6.873283991,watermelon
1354,82,25,51,6.074209622000001,watermelon
1355,110,28,46,6.49889585,watermelon
1356,118,21,51,6.678805092,watermelon
1357,120,20,45,6.114128685,watermelon
1358,91,7,52,6.405054243,watermelon
1359,81,6,55,6.110142735,watermelon
1360,101,13,54,6.828982708,watermelon
1361,101,17,55,6.451499763999999,watermelon
1362,111,6,53,6.313512998999999,watermelon
1363,107,10,49,6.755192025,watermelon
1364,115,11,46,6.623167177000001,watermelon
1365,84,25,52,6.12532356,watermelon
1366,120,7,47,6.653867608,watermelon
1367,91,12,46,6.343942518,watermelon
1368,89,22,52,6.217300786,watermelon
1369,113,19,46,6.286387658,watermelon
1370,97,22,50,6.769893799999998,watermelon
1371,117,30,50,6.744966312000001,watermelon
1372,90,14,52,6.391858432,watermelon
1373,104,23,47,6.770434148,watermelon
1374,81,16,45,6.727468157000001,watermelon
1375,88,5,47,6.662244646,watermelon
1376,92,7,45,6.944640222,watermelon
1377,81,18,50,6.507110986,watermelon
1378,111,5,55,6.520663422,watermelon
1379,108,23,51,6.106500787000001,watermelon
1380,113,30,50,6.277484042999999,watermelon
1381,83,10,53,6.195142279,watermelon
1382,101,11,51,6.792035575,watermelon
1383,114,21,55,6.472756256,watermelon
1384,99,6,45,6.000975617000001,watermelon
1385,92,20,55,6.5877912620000005,watermelon
1386,92,7,48,6.956508826,watermelon
1387,91,24,55,6.259086582999999,watermelon
1388,110,21,54,6.747537642,watermelon
1389,112,25,51,6.932537231,watermelon
1390,89,25,54,6.353107392999999,watermelon
1391,100,10,53,6.211748957,watermelon
1392,83,22,54,6.277245253999999,watermelon
1393,95,14,50,6.560443519,watermelon
1394,119,30,49,6.903020221,watermelon
1395,97,12,47,6.765094963999998,watermelon
1396,110,7,45,6.189213927000001,watermelon
1397,96,18,50,6.904241707000001,watermelon
1398,83,23,55,6.463271076,watermelon
1399,120,24,47,6.260838965,watermelon
1400,115,17,55,6.776533055,muskmelon
1401,114,27,48,6.528404377999999,muskmelon
1402,101,25,52,6.750145572,muskmelon
1403,118,18,52,6.562832807,muskmelon
1404,95,26,45,6.117530021,muskmelon
1405,81,25,49,6.076459669,muskmelon
1406,117,24,53,6.293486295,muskmelon
1407,114,30,51,6.069171847000001,muskmelon
1408,113,6,52,6.740983646,muskmelon
1409,108,26,52,6.201797639,muskmelon
1410,81,30,48,6.041027474,muskmelon
1411,115,9,52,6.019372459,muskmelon
1412,83,7,45,6.704104127000001,muskmelon
1413,84,21,55,6.494251024,muskmelon
1414,109,26,45,6.224535448999998,muskmelon
1415,95,27,55,6.160414414,muskmelon
1416,119,5,55,6.168757984,muskmelon
1417,110,14,51,6.085444691,muskmelon
1418,82,18,48,6.1590508160000015,muskmelon
1419,87,14,48,6.606033244,muskmelon
1420,85,9,53,6.447662945,muskmelon
1421,100,6,53,6.105909623,muskmelon
1422,107,12,46,6.559763394,muskmelon
1423,91,13,47,6.14410903,muskmelon
1424,102,25,50,6.099662369,muskmelon
1425,117,25,53,6.413927319,muskmelon
1426,85,21,52,6.0751441160000015,muskmelon
1427,104,25,55,6.123802502,muskmelon
1428,102,24,54,6.698468621,muskmelon
1429,116,25,50,6.088885814,muskmelon
1430,100,17,48,6.367800632000001,muskmelon
1431,110,25,54,6.425930938,muskmelon
1432,104,25,51,6.469983276000002,muskmelon
1433,107,11,54,6.094016337999999,muskmelon
1434,98,26,52,6.150090898999999,muskmelon
1435,88,17,52,6.646962425,muskmelon
1436,87,25,46,6.379690748,muskmelon
1437,120,8,46,6.732834334,muskmelon
1438,95,13,46,6.126019932,muskmelon
1439,108,22,47,6.161123579,muskmelon
1440,82,13,52,6.442810053,muskmelon
1441,120,23,55,6.732049075,muskmelon
1442,110,22,47,6.243673725,muskmelon
1443,95,23,45,6.266208727,muskmelon
1444,106,10,49,6.350623739,muskmelon
1445,99,12,52,6.002927293,muskmelon
1446,106,20,51,6.342573112,muskmelon
1447,83,11,53,6.163921247999999,muskmelon
1448,117,19,55,6.121745389,muskmelon
1449,98,26,49,6.130160472999999,muskmelon
1450,113,20,48,6.440584681,muskmelon
1451,101,17,47,6.185053234,muskmelon
1452,98,7,45,6.157724816,muskmelon
1453,93,22,48,6.776987974,muskmelon
1454,95,21,47,6.431970877,muskmelon
1455,109,12,48,6.708743843,muskmelon
1456,118,12,47,6.010739645,muskmelon
1457,100,14,49,6.365956657999999,muskmelon
1458,89,9,47,6.6683827660000015,muskmelon
1459,95,16,46,6.74669542,muskmelon
1460,95,7,45,6.031665834,muskmelon
1461,87,6,45,6.40077205,muskmelon
1462,93,20,50,6.448792688999999,muskmelon
1463,84,29,49,6.251420275,muskmelon
1464,111,5,47,6.2744528110000015,muskmelon
1465,111,5,52,6.135996372,muskmelon
1466,111,15,54,6.194090172,muskmelon
1467,89,11,47,6.327822962000001,muskmelon
1468,110,15,48,6.2125672110000005,muskmelon
1469,95,30,52,6.640470862999999,muskmelon
1470,115,12,52,6.685553129,muskmelon
1471,120,25,50,6.327210469,muskmelon
1472,102,11,45,6.35544263,muskmelon
1473,94,5,55,6.085682343999999,muskmelon
1474,84,18,46,6.781050372999999,muskmelon
1475,107,22,54,6.630301421,muskmelon
1476,80,18,52,6.484799661,muskmelon
1477,86,18,45,6.566759102000001,muskmelon
1478,113,28,48,6.170520517999999,muskmelon
1479,115,18,53,6.0124803510000016,muskmelon
1480,82,20,54,6.541150335,muskmelon
1481,98,22,47,6.341400922,muskmelon
1482,117,25,54,6.150686363999999,muskmelon
1483,83,15,49,6.438008152999999,muskmelon
1484,120,16,51,6.547041902999999,muskmelon
1485,111,5,50,6.399891457000001,muskmelon
1486,85,21,47,6.186770318,muskmelon
1487,90,23,54,6.159020864,muskmelon
1488,99,29,55,6.660954816,muskmelon
1489,102,11,47,6.504906978999999,muskmelon
1490,80,18,51,6.706053225,muskmelon
1491,87,21,52,6.067665497999999,muskmelon
1492,114,8,52,6.419083092,muskmelon
1493,99,6,46,6.39637861,muskmelon
1494,89,25,50,6.375923383,muskmelon
1495,96,13,55,6.700337732,muskmelon
1496,82,26,47,6.565312652999999,muskmelon
1497,106,21,52,6.286515359,muskmelon
1498,90,15,52,6.448061578,muskmelon
1499,106,16,54,6.585872508,muskmelon
1500,24,128,196,5.521466996,apple
1501,7,144,197,6.133220586,apple
1502,14,128,205,6.226289556,apple
1503,8,120,201,6.321152192,apple
1504,20,129,201,5.587905967,apple
1505,32,137,204,5.824151692999999,apple
1506,27,139,205,5.7721799460000005,apple
1507,0,123,205,5.790993052,apple
1508,22,144,196,6.4992268210000015,apple
1509,1,124,199,5.658473817000001,apple
1510,30,122,197,5.573241391,apple
1511,29,121,196,6.079497202000001,apple
1512,13,126,204,6.3831802710000005,apple
1513,9,139,199,5.867420996,apple
1514,0,133,200,5.708418722,apple
1515,30,143,199,5.7983508000000015,apple
1516,36,140,198,6.28188384,apple
1517,37,137,199,5.697945522,apple
1518,33,121,203,5.6059340870000005,apple
1519,7,144,195,5.85648105,apple
1520,35,128,205,6.041053829,apple
1521,29,128,198,5.685062404,apple
1522,2,143,196,5.669489065,apple
1523,34,140,198,5.751707342,apple
1524,29,144,204,5.800448951,apple
1525,32,141,203,5.821347769,apple
1526,13,144,197,6.28022267,apple
1527,25,143,198,6.027314401,apple
1528,9,137,200,5.636687393,apple
1529,6,144,198,5.559363609,apple
1530,37,126,196,5.596449493,apple
1531,2,120,203,5.893492998999999,apple
1532,11,143,197,5.875718516,apple
1533,10,141,201,6.386021424,apple
1534,24,142,202,5.710819862,apple
1535,23,138,195,5.7959857160000015,apple
1536,18,125,204,6.046673619,apple
1537,13,121,196,6.443382913,apple
1538,26,122,202,5.617227184,apple
1539,28,123,202,6.442289294,apple
1540,26,121,201,6.162034371,apple
1541,21,137,196,5.812781806,apple
1542,21,135,198,5.7650151260000015,apple
1543,5,144,205,6.184922574,apple
1544,2,123,205,5.739652177000001,apple
1545,15,133,199,5.8247786360000005,apple
1546,31,130,198,5.554823557000001,apple
1547,25,143,200,6.024248787,apple
1548,16,143,204,5.631333387000001,apple
1549,19,122,202,5.811975094,apple
1550,10,125,196,5.730557448,apple
1551,20,139,202,5.66999105,apple
1552,28,123,198,5.682751473,apple
1553,28,136,200,6.245858905,apple
1554,2,131,199,6.017370134,apple
1555,2,140,197,5.53456749,apple
1556,27,138,201,5.952367662,apple
1557,30,127,204,6.126436584,apple
1558,32,145,203,6.406818518,apple
1559,29,139,205,6.155939452999999,apple
1560,26,126,195,5.878568981,apple
1561,40,136,202,5.935336307999999,apple
1562,6,124,200,5.971332179,apple
1563,35,138,200,5.67130617,apple
1564,17,136,196,5.882155987999999,apple
1565,33,134,205,6.08551916,apple
1566,16,143,197,5.90402645,apple
1567,27,120,200,6.1102188260000005,apple
1568,29,145,205,6.212302608,apple
1569,3,141,197,6.142803397000001,apple
1570,15,123,204,6.365972687999999,apple
1571,5,136,195,6.264202804,apple
1572,10,136,204,6.276198595,apple
1573,7,141,195,5.514253142,apple
1574,2,129,201,5.682343744,apple
1575,29,138,197,5.830892252000001,apple
1576,30,137,200,5.603413172000001,apple
1577,29,132,204,6.0967531,apple
1578,14,139,197,6.056529526,apple
1579,18,125,203,6.160267496,apple
1580,33,143,204,5.814434775,apple
1581,40,144,196,5.987262638,apple
1582,9,143,197,5.570020684,apple
1583,38,135,203,5.9655513110000005,apple
1584,28,130,196,6.062356467000001,apple
1585,35,142,203,5.895319002000001,apple
1586,12,129,205,6.119432215,apple
1587,1,135,203,5.624203283,apple
1588,0,145,205,5.52078314,apple
1589,31,121,201,5.731535257999999,apple
1590,35,131,203,5.893490899,apple
1591,29,140,195,5.560521058,apple
1592,33,138,198,6.222390797999999,apple
1593,14,140,197,6.071255131,apple
1594,35,145,195,6.231950009,apple
1595,40,120,197,5.889480679,apple
1596,25,132,198,5.732757516,apple
1597,31,137,196,6.400321212000001,apple
1598,36,144,196,6.496934492,apple
1599,10,140,197,6.229498836,apple
1600,22,30,12,6.354006743999999,orange
1601,37,6,13,7.511755067999999,orange
1602,27,13,6,7.335158382,orange
1603,7,16,9,7.813916602999999,orange
1604,20,7,9,7.1291369410000005,orange
1605,26,27,10,6.079998496,orange
1606,5,23,15,7.408939392000001,orange
1607,0,18,14,7.207991261,orange
1608,39,24,14,7.189259647,orange
1609,13,23,6,7.365338111,orange
1610,21,17,15,7.455991072000001,orange
1611,33,12,8,6.822282114,orange
1612,6,9,12,7.028746406000002,orange
1613,19,7,10,6.118430299,orange
1614,24,18,6,6.285312759,orange
1615,9,11,8,6.559236744,orange
1616,31,8,7,7.163245982,orange
1617,22,17,5,6.945562889,orange
1618,13,5,8,7.474710503,orange
1619,16,8,9,7.601189842999999,orange
1620,4,13,6,7.5611432239999985,orange
1621,0,25,14,6.361671475,orange
1622,8,7,10,6.929216014,orange
1623,4,23,5,7.477935216,orange
1624,33,14,8,7.684420446,orange
1625,30,7,15,7.825531916,orange
1626,21,29,12,6.438668989,orange
1627,11,14,5,6.946354724,orange
1628,9,8,15,7.994465371,orange
1629,5,18,14,7.434118807000001,orange
1630,29,25,14,7.781988584,orange
1631,33,12,15,6.052318465,orange
1632,8,16,6,7.106650373,orange
1633,15,14,8,6.22094286,orange
1634,16,7,8,6.420457311,orange
1635,0,12,7,6.969249676,orange
1636,5,25,6,6.0113021810000005,orange
1637,6,8,11,6.600948787999999,orange
1638,10,5,5,7.817846496,orange
1639,1,17,6,6.8198271,orange
1640,1,30,10,7.291405641,orange
1641,0,23,15,7.598729065,orange
1642,24,27,9,6.157135092000001,orange
1643,36,11,13,7.1917274,orange
1644,40,21,8,7.418761774,orange
1645,40,22,6,6.488221135,orange
1646,32,18,13,6.044167236,orange
1647,9,10,10,6.010391864,orange
1648,13,16,8,6.949838549,orange
1649,15,9,11,7.907956251,orange
1650,29,11,5,7.639788459,orange
1651,1,15,9,7.53350946,orange
1652,18,5,11,6.251586885,orange
1653,14,22,9,6.543191814,orange
1654,33,15,7,7.651225301,orange
1655,4,6,7,6.708889665,orange
1656,17,16,14,6.625538653,orange
1657,12,20,10,6.528354932,orange
1658,34,29,8,6.450640306,orange
1659,39,28,10,7.181907673,orange
1660,31,25,12,7.016482298,orange
1661,12,6,8,6.388617138,orange
1662,12,29,13,7.57125447,orange
1663,26,11,11,7.609348255,orange
1664,19,24,15,7.137136973,orange
1665,39,21,9,6.354022554,orange
1666,16,29,13,6.196907944,orange
1667,36,29,13,7.829507245,orange
1668,37,23,12,6.395258356,orange
1669,39,9,15,7.992041984,orange
1670,31,5,14,6.583411671,orange
1671,18,12,8,6.206053072,orange
1672,20,20,10,6.976997772000001,orange
1673,5,8,5,6.562594972,orange
1674,20,8,12,7.260416405,orange
1675,25,21,11,6.460044777999999,orange
1676,14,19,14,6.699164936,orange
1677,37,18,12,7.401121811,orange
1678,26,15,6,6.912033409,orange
1679,13,22,5,7.764040111,orange
1680,32,25,9,7.796034006,orange
1681,19,7,9,6.969883482999999,orange
1682,28,7,9,6.730757538,orange
1683,24,30,11,6.601395755,orange
1684,7,17,10,6.465913274,orange
1685,18,23,8,6.41354791,orange
1686,7,20,12,6.475275337,orange
1687,20,23,11,6.407715561,orange
1688,18,14,11,6.550814117000001,orange
1689,34,11,10,7.36220835,orange
1690,20,29,10,7.36549204,orange
1691,37,24,13,7.8546243,orange
1692,12,8,10,7.995848977,orange
1693,34,10,14,6.725600855,orange
1694,6,13,9,7.786725333,orange
1695,27,30,5,7.656978112000001,orange
1696,13,8,12,7.105904818,orange
1697,6,7,7,7.199106204,orange
1698,40,17,15,7.871063004,orange
1699,31,26,9,7.566165721,orange
1700,61,68,50,6.7932454170000005,papaya
1701,58,46,45,6.576261427,papaya
1702,45,47,55,6.751452932,papaya
1703,39,65,53,6.560743092999999,papaya
1704,31,68,45,6.938313356,papaya
1705,70,68,45,6.991626158,papaya
1706,68,62,50,6.977700268,papaya
1707,34,65,47,6.833768535,papaya
1708,38,68,54,6.739170045,papaya
1709,69,64,47,6.993473247000001,papaya
1710,58,51,47,6.757470637000001,papaya
1711,59,47,53,6.8506632320000005,papaya
1712,44,64,54,6.74274935,papaya
1713,56,57,48,6.506120752,papaya
1714,69,60,54,6.98992719,papaya
1715,56,58,49,6.69215564,papaya
1716,49,55,53,6.544029776,papaya
1717,38,51,52,6.927803911,papaya
1718,54,65,47,6.721835879,papaya
1719,57,57,51,6.99223441,papaya
1720,39,52,53,6.704204398,papaya
1721,58,67,45,6.702424548,papaya
1722,61,64,52,6.641098708,papaya
1723,34,62,55,6.585346229,papaya
1724,31,48,45,6.563134737,papaya
1725,47,46,52,6.502289472999999,papaya
1726,32,68,52,6.800321319,papaya
1727,36,59,46,6.721130542999999,papaya
1728,61,51,51,6.574677594,papaya
1729,70,54,46,6.919342407,papaya
1730,44,56,49,6.519779582999999,papaya
1731,34,68,51,6.687088097999999,papaya
1732,50,59,47,6.747975732,papaya
1733,39,70,52,6.65149129,papaya
1734,34,61,49,6.502675132,papaya
1735,44,60,55,6.825371185,papaya
1736,31,62,52,6.99104104,papaya
1737,65,62,51,6.5116248410000015,papaya
1738,44,57,53,6.93172108,papaya
1739,50,47,48,6.712772332999999,papaya
1740,43,50,48,6.63016515,papaya
1741,60,46,53,6.761953186,papaya
1742,70,68,55,6.691202286,papaya
1743,59,62,52,6.608667683999999,papaya
1744,60,58,51,6.840802254,papaya
1745,42,60,47,6.834808347999999,papaya
1746,35,66,47,6.953439161,papaya
1747,34,65,48,6.665024507999999,papaya
1748,36,54,46,6.662875839,papaya
1749,39,64,52,6.678695788,papaya
1750,37,52,47,6.54277684,papaya
1751,33,47,46,6.839443833,papaya
1752,34,48,48,6.805277038,papaya
1753,49,54,50,6.762522087000001,papaya
1754,40,65,49,6.678449317999999,papaya
1755,68,52,49,6.577192175,papaya
1756,50,46,52,6.734005647999999,papaya
1757,65,63,50,6.524459342,papaya
1758,40,49,47,6.501521192,papaya
1759,42,53,48,6.758479569,papaya
1760,49,55,51,6.676578778,papaya
1761,59,62,49,6.941496806,papaya
1762,63,58,47,6.864143752,papaya
1763,70,65,52,6.583528529,papaya
1764,63,50,52,6.751747609,papaya
1765,40,64,47,6.893509446,papaya
1766,63,58,50,6.720744449,papaya
1767,45,58,49,6.827812549,papaya
1768,66,69,47,6.912299695,papaya
1769,54,67,52,6.586107335,papaya
1770,69,67,52,6.827305908,papaya
1771,67,68,49,6.821774589,papaya
1772,45,57,47,6.656458831,papaya
1773,56,50,52,6.770384816,papaya
1774,70,50,53,6.933809742999999,papaya
1775,44,47,45,6.579441304,papaya
1776,50,60,47,6.92791761,papaya
1777,52,51,53,6.985804083,papaya
1778,35,68,45,6.612429546,papaya
1779,68,69,52,6.813383387000001,papaya
1780,32,55,52,6.967759599999999,papaya
1781,32,55,51,6.57398033,papaya
1782,48,62,47,6.803094965,papaya
1783,39,69,53,6.964955435,papaya
1784,49,61,45,6.764213299,papaya
1785,48,57,54,6.617703177999999,papaya
1786,69,66,49,6.52711001,papaya
1787,53,55,55,6.709668804,papaya
1788,38,61,52,6.620729882000001,papaya
1789,57,64,55,6.583760498999999,papaya
1790,51,57,55,6.6764073370000006,papaya
1791,56,65,45,6.751298936,papaya
1792,54,66,52,6.867554147000001,papaya
1793,58,55,47,6.7424900270000006,papaya
1794,68,70,54,6.986228647000001,papaya
1795,42,59,55,6.979102243,papaya
1796,43,64,47,6.8256647820000005,papaya
1797,35,67,49,6.617066674,papaya
1798,56,59,55,6.551892637999999,papaya
1799,39,64,53,6.598860305,papaya
1800,18,30,29,6.4200187170000005,coconut
1801,37,23,28,5.7400545670000005,coconut
1802,13,28,33,5.686972967000001,coconut
1803,2,21,35,6.293662362999999,coconut
1804,10,18,35,6.381975465,coconut
1805,7,11,32,5.542169138999999,coconut
1806,39,5,31,5.551963184,coconut
1807,34,6,27,5.8607404810000014,coconut
1808,31,30,29,5.558807063,coconut
1809,25,7,35,5.55771171,coconut
1810,16,18,26,5.568365926,coconut
1811,26,10,33,6.07071786,coconut
1812,27,8,32,5.627860548999998,coconut
1813,37,18,30,6.38488418,coconut
1814,19,15,34,5.6858890660000005,coconut
1815,0,19,33,6.234458417000001,coconut
1816,31,20,26,6.443168642000001,coconut
1817,9,17,32,5.842317989,coconut
1818,22,11,29,5.955742971,coconut
1819,31,6,26,5.741367375,coconut
1820,34,6,30,5.948342571,coconut
1821,24,6,32,6.387067562,coconut
1822,1,8,26,5.562911913,coconut
1823,31,13,33,5.85971872,coconut
1824,10,9,28,6.282955072999999,coconut
1825,36,27,26,6.25449571,coconut
1826,38,24,33,5.973853124,coconut
1827,11,6,25,6.081568052000001,coconut
1828,16,14,30,6.37466756,coconut
1829,33,14,35,6.027707171,coconut
1830,16,6,29,5.868285082000001,coconut
1831,32,11,31,6.205931637999999,coconut
1832,38,14,30,5.5707453860000005,coconut
1833,8,6,33,6.095261012999999,coconut
1834,23,6,33,6.025789594,coconut
1835,29,25,35,5.542873799,coconut
1836,24,14,33,6.366219551,coconut
1837,32,12,30,5.579845008,coconut
1838,30,25,31,5.804965067,coconut
1839,14,21,35,6.121005506,coconut
1840,27,22,29,6.000248647,coconut
1841,40,5,29,5.820978791,coconut
1842,17,11,32,5.620733794,coconut
1843,30,30,35,6.001936419,coconut
1844,28,10,30,6.305740522000001,coconut
1845,39,7,29,6.362544111,coconut
1846,32,20,35,5.588655387,coconut
1847,7,15,32,6.182232762000001,coconut
1848,29,17,29,5.959493188,coconut
1849,34,15,34,5.677282677999999,coconut
1850,14,23,25,5.6121227970000005,coconut
1851,18,19,29,6.206077742000001,coconut
1852,7,21,35,5.764812076,coconut
1853,24,27,34,6.203376525,coconut
1854,39,29,29,6.143662699,coconut
1855,29,8,28,6.100429497,coconut
1856,10,24,27,5.7084096010000005,coconut
1857,0,29,32,5.868255858,coconut
1858,32,11,31,6.461225827000001,coconut
1859,37,10,32,6.165084855,coconut
1860,20,29,27,6.047044342,coconut
1861,31,29,35,6.137102505,coconut
1862,17,30,27,5.894027065,coconut
1863,1,12,30,5.56222383,coconut
1864,6,13,29,5.832608027999999,coconut
1865,15,28,32,6.2185718739999984,coconut
1866,27,24,29,6.142010637,coconut
1867,3,23,30,6.078807239,coconut
1868,8,26,26,5.702484758,coconut
1869,20,28,26,5.547594847,coconut
1870,26,18,27,5.836075368,coconut
1871,1,6,35,6.231662767,coconut
1872,27,30,31,5.718120393,coconut
1873,23,7,34,5.852038202,coconut
1874,0,26,31,5.547933273,coconut
1875,38,6,25,6.156259104,coconut
1876,25,12,26,6.436314406,coconut
1877,40,5,32,5.981169595,coconut
1878,0,19,31,6.271952832999999,coconut
1879,26,9,32,6.470465614,coconut
1880,35,30,34,6.141502001,coconut
1881,19,30,30,5.826381164,coconut
1882,31,13,33,6.342463714,coconut
1883,17,29,26,6.071897347,coconut
1884,2,30,30,6.331051715,coconut
1885,30,13,25,6.413184638,coconut
1886,8,15,33,5.50158009,coconut
1887,18,12,35,6.338720873,coconut
1888,8,28,30,6.015672239,coconut
1889,40,22,29,5.735364307,coconut
1890,27,10,33,6.465906333,coconut
1891,21,20,31,5.855457599,coconut
1892,3,9,35,6.318552972999999,coconut
1893,22,16,27,6.006784979,coconut
1894,27,8,30,6.008386282999999,coconut
1895,22,8,33,5.665785202,coconut
1896,28,27,32,5.764615485,coconut
1897,23,21,26,5.901495543999999,coconut
1898,37,5,34,5.779032666,coconut
1899,19,26,29,5.67154928,coconut
1900,133,47,24,7.231324765,cotton
1901,136,36,20,6.925412377000001,cotton
1902,104,47,18,7.633437412,cotton
1903,133,47,23,6.827354668,cotton
1904,126,38,23,6.176716425,cotton
1905,126,50,19,6.6287228360000015,cotton
1906,113,41,20,7.256877571,cotton
1907,121,45,22,6.443785385,cotton
1908,121,47,16,7.7232401510000015,cotton
1909,129,60,22,5.947448589,cotton
1910,107,45,25,7.2277455160000015,cotton
1911,122,59,18,6.219469084,cotton
1912,140,38,15,6.021439523,cotton
1913,102,49,21,6.253343655,cotton
1914,111,40,25,6.187455798999999,cotton
1915,131,35,18,7.0576933660000005,cotton
1916,135,43,16,6.720449769,cotton
1917,100,46,18,6.4316895060000006,cotton
1918,123,39,24,7.453106264,cotton
1919,117,56,15,7.368258226,cotton
1920,121,36,24,7.352401887,cotton
1921,101,58,18,6.652143699,cotton
1922,107,42,24,6.144631795,cotton
1923,100,41,22,7.318802162000001,cotton
1924,125,39,21,7.954629324,cotton
1925,105,60,23,6.207652157,cotton
1926,102,46,19,6.631005298,cotton
1927,131,49,22,7.306918817000001,cotton
1928,139,35,15,5.898293044,cotton
1929,108,36,19,7.238566893,cotton
1930,118,45,23,7.977651226,cotton
1931,107,51,22,5.983075895,cotton
1932,125,60,17,6.785723961,cotton
1933,113,37,20,7.393441155,cotton
1934,131,52,16,6.486068274,cotton
1935,115,48,16,7.175934962,cotton
1936,113,38,25,7.388265887999999,cotton
1937,111,41,18,6.10539819,cotton
1938,111,53,19,6.419536555,cotton
1939,122,48,16,6.307585854,cotton
1940,108,46,17,6.93221485,cotton
1941,132,41,22,7.810865753,cotton
1942,103,42,17,6.527541661,cotton
1943,133,50,25,7.569454601,cotton
1944,127,37,18,7.041065585,cotton
1945,110,39,25,7.208795456,cotton
1946,131,38,19,6.814341946,cotton
1947,108,38,24,7.442217061,cotton
1948,122,40,17,6.854558957,cotton
1949,111,50,15,7.884550475,cotton
1950,140,40,17,6.006085786,cotton
1951,100,40,20,7.432043735,cotton
1952,123,50,16,6.498052108,cotton
1953,107,36,21,6.205263534,cotton
1954,118,50,19,6.360812227,cotton
1955,103,51,20,7.0466074339999984,cotton
1956,133,57,19,7.947011366,cotton
1957,129,47,20,6.281913857999999,cotton
1958,116,52,19,6.114525877,cotton
1959,114,40,23,6.7539780610000015,cotton
1960,131,60,17,7.4250413160000015,cotton
1961,107,43,18,6.745104394,cotton
1962,123,44,21,7.6411165689999985,cotton
1963,112,49,25,6.470135478,cotton
1964,119,44,15,7.091992365,cotton
1965,130,59,19,6.520403794,cotton
1966,127,53,24,6.127939627999999,cotton
1967,134,52,18,7.994679507000001,cotton
1968,109,36,18,7.524707577,cotton
1969,100,48,17,7.827877817999999,cotton
1970,132,52,19,6.436691764,cotton
1971,102,37,25,5.907930899,cotton
1972,111,39,22,6.135025006,cotton
1973,117,51,15,6.044556594,cotton
1974,136,36,24,7.59781958,cotton
1975,134,56,18,6.691268104,cotton
1976,112,54,15,6.1754923060000015,cotton
1977,105,56,15,7.272316208999999,cotton
1978,140,45,15,5.801047545,cotton
1979,126,46,25,6.757457943,cotton
1980,106,49,24,6.983395572999999,cotton
1981,121,53,19,7.976889497999999,cotton
1982,108,60,17,6.558902588,cotton
1983,116,56,17,7.979090365,cotton
1984,100,52,19,7.903528672999999,cotton
1985,129,43,16,6.73210948,cotton
1986,118,44,23,6.6916904760000016,cotton
1987,117,43,25,7.839849298,cotton
1988,126,37,21,6.61448588,cotton
1989,120,48,16,7.456971816,cotton
1990,102,45,16,7.2942193,cotton
1991,131,56,20,7.762647875,cotton
1992,114,40,17,6.363406102000001,cotton
1993,101,37,18,7.63737841,cotton
1994,106,46,20,6.2006719760000015,cotton
1995,113,38,20,6.364729934,cotton
1996,102,53,21,6.913678684,cotton
1997,110,39,18,7.766259768999999,cotton
1998,107,58,15,7.55606399,cotton
1999,120,60,15,7.288377241,cotton
2000,89,47,38,6.002524871,jute
2001,60,37,39,6.033485257000001,jute
2002,63,41,45,7.121933578999999,jute
2003,86,40,39,6.207459637,jute
2004,96,41,40,6.090060478,jute
2005,100,35,36,6.346715209,jute
2006,63,37,43,6.661957897000001,jute
2007,70,43,40,6.176860192,jute
2008,67,55,44,7.251847296,jute
2009,74,40,40,6.386259977999999,jute
2010,89,53,44,7.319735475,jute
2011,74,46,45,6.025028997000001,jute
2012,89,41,38,6.344751947000001,jute
2013,60,55,40,7.02777956,jute
2014,67,43,38,7.299304715,jute
2015,70,38,35,7.014063944,jute
2016,74,49,38,7.4880144039999985,jute
2017,90,40,39,6.626503893,jute
2018,82,35,44,6.239011,jute
2019,73,45,37,6.742688094,jute
2020,85,53,38,6.588017308,jute
2021,81,56,36,7.097586415,jute
2022,84,55,38,6.956682742999999,jute
2023,80,45,42,7.380396262,jute
2024,76,54,45,6.176618831,jute
2025,76,56,39,6.551130445,jute
2026,81,40,45,6.427726565,jute
2027,76,44,45,6.740947635,jute
2028,69,47,40,6.130136384,jute
2029,82,40,45,6.667633355,jute
2030,69,57,35,6.1868143920000005,jute
2031,81,36,38,6.334837865,jute
2032,67,60,38,7.16214284,jute
2033,72,51,40,7.422318499,jute
2034,65,39,45,6.768001309,jute
2035,78,50,43,6.348441469,jute
2036,77,52,41,6.097294061,jute
2037,89,52,42,6.14132902,jute
2038,62,49,37,7.479248124,jute
2039,90,48,45,6.509174788999999,jute
2040,66,47,36,6.57256106,jute
2041,80,52,39,7.165696848,jute
2042,89,52,45,7.207457207999999,jute
2043,77,51,44,7.124333547000001,jute
2044,94,37,41,6.4635387070000005,jute
2045,75,41,35,6.856833064,jute
2046,60,55,36,7.132389299,jute
2047,62,56,35,6.235357637999999,jute
2048,84,40,42,6.704273839,jute
2049,100,56,40,7.433313409,jute
2050,75,56,44,6.109478059,jute
2051,78,46,42,7.095413294,jute
2052,82,48,36,6.352076782999999,jute
2053,100,58,41,6.6587699910000016,jute
2054,88,50,40,7.0518224720000005,jute
2055,67,41,40,7.333143205,jute
2056,72,42,43,6.352771037,jute
2057,89,40,43,7.124050134,jute
2058,89,57,43,6.998787171,jute
2059,61,41,44,6.537914957999999,jute
2060,79,45,43,7.171054239,jute
2061,84,40,43,7.228268227999999,jute
2062,98,43,35,7.319952206,jute
2063,75,36,44,6.613341342999999,jute
2064,89,58,35,6.096838784,jute
2065,91,41,37,6.132570522999999,jute
2066,77,48,36,7.36008498,jute
2067,66,58,35,7.321619041,jute
2068,62,59,41,7.175170657000001,jute
2069,82,35,35,7.299076163,jute
2070,61,41,35,6.842966478999998,jute
2071,99,57,38,6.356295567999999,jute
2072,70,42,43,6.508342839,jute
2073,90,59,35,7.098227926,jute
2074,73,43,42,6.310699968,jute
2075,67,46,44,7.093328631,jute
2076,84,37,42,6.691074249,jute
2077,72,41,36,6.187746776,jute
2078,71,56,37,6.491506245,jute
2079,64,53,38,6.855362875,jute
2080,65,54,39,7.124571593,jute
2081,60,58,37,6.067302109,jute
2082,86,39,43,6.432051512,jute
2083,90,50,44,6.253408852000001,jute
2084,91,38,36,7.287318722999999,jute
2085,87,48,38,7.161865733,jute
2086,72,41,36,6.065898282999999,jute
2087,71,54,35,7.311077075,jute
2088,82,46,41,6.581693772,jute
2089,71,52,43,6.732826127,jute
2090,80,43,43,6.014572075,jute
2091,77,55,43,6.663559451,jute
2092,95,57,41,6.434610995,jute
2093,63,47,35,7.432768147000001,jute
2094,93,43,38,6.987332927000001,jute
2095,87,44,43,6.718725189,jute
2096,88,52,39,6.880204617,jute
2097,90,39,37,6.86106911,jute
2098,90,39,43,6.7693455,jute
2099,84,38,43,7.26158085,jute
2100,91,21,26,7.261313694,coffee
2101,107,21,26,7.235070264,coffee
2102,83,38,35,7.18915558,coffee
2103,108,24,31,6.431899747999999,coffee
2104,116,28,34,6.42321105,coffee
2105,116,23,25,6.869720196,coffee
2106,109,31,27,6.973839707000001,coffee
2107,89,25,34,7.184801627000001,coffee
2108,118,18,32,6.351823783,coffee
2109,111,32,34,6.392048018,coffee
2110,84,36,28,6.119892347,coffee
2111,85,33,25,6.910823945,coffee
2112,99,15,27,6.501157208,coffee
2113,81,30,31,7.027585558999999,coffee
2114,95,39,29,7.13411409,coffee
2115,81,34,30,6.6477659970000005,coffee
2116,80,15,28,6.703270635,coffee
2117,104,20,26,7.493191968,coffee
2118,109,29,28,6.724688502999999,coffee
2119,100,32,26,6.043485685,coffee
2120,100,24,28,7.101661011,coffee
2121,83,21,28,7.466900682999999,coffee
2122,120,23,28,6.877799264,coffee
2123,104,26,30,6.410992833,coffee
2124,108,33,31,7.393825704,coffee
2125,91,25,26,7.482414225,coffee
2126,86,26,27,6.081172981,coffee
2127,98,18,27,6.516312148,coffee
2128,111,27,31,6.0433309510000015,coffee
2129,84,39,35,6.959404135,coffee
2130,98,27,27,7.238109556,coffee
2131,118,21,34,7.234258375,coffee
2132,103,27,31,6.691541233,coffee
2133,82,24,33,6.809593554,coffee
2134,86,31,35,6.485761419,coffee
2135,88,35,35,6.784460602,coffee
2136,84,27,29,7.167092586,coffee
2137,120,40,33,6.73410539,coffee
2138,106,40,30,6.779984384,coffee
2139,113,21,33,7.277422737999999,coffee
2140,117,34,25,7.21270048,coffee
2141,80,30,25,7.487266991,coffee
2142,88,21,27,7.231166546,coffee
2143,113,33,34,6.559817161000002,coffee
2144,87,23,28,6.979590627,coffee
2145,113,15,29,6.779230041,coffee
2146,98,29,30,6.217974349,coffee
2147,97,29,27,7.205078785,coffee
2148,85,35,32,6.854011265,coffee
2149,82,29,35,6.246872394,coffee
2150,103,33,25,6.911066044,coffee
2151,112,17,28,6.777417989,coffee
2152,99,19,33,6.273741983,coffee
2153,120,20,34,6.906124587000001,coffee
2154,114,27,28,7.162802357,coffee
2155,100,40,35,6.9557873510000015,coffee
2156,108,35,25,6.971963169,coffee
2157,115,31,30,6.840927967000001,coffee
2158,87,28,30,6.536676653,coffee
2159,82,24,26,6.089443602999999,coffee
2160,94,26,27,7.456460375,coffee
2161,87,28,35,6.759211911,coffee
2162,118,40,35,7.460174812000001,coffee
2163,87,38,29,6.652642579,coffee
2164,92,40,30,6.026287448,coffee
2165,97,22,26,6.074190142000001,coffee
2166,99,40,32,7.0455430560000005,coffee
2167,89,28,33,6.9932360010000005,coffee
2168,112,39,29,6.726528895,coffee
2169,111,28,26,6.937352845,coffee
2170,114,20,26,7.27905689,coffee
2171,117,26,30,7.079850922,coffee
2172,111,29,31,6.136286518,coffee
2173,119,30,28,6.5052036960000015,coffee
2174,116,40,33,7.042089492000001,coffee
2175,95,37,35,6.348337518999998,coffee
2176,86,40,33,7.432322234,coffee
2177,117,37,32,6.787658922,coffee
2178,105,18,35,6.743417121,coffee
2179,109,23,25,7.00733163,coffee
2180,80,18,31,7.303033217,coffee
2181,101,31,26,6.861235184,coffee
2182,103,33,33,7.131435858,coffee
2183,93,26,27,7.288211994,coffee
2184,104,35,28,6.983732393,coffee
2185,116,36,25,6.172090205,coffee
2186,107,38,29,6.35118177,coffee
2187,101,33,33,6.908671378999999,coffee
2188,107,31,31,6.766184468,coffee
2189,99,16,30,6.392791654,coffee
2190,103,40,30,6.3483162570000005,coffee
2191,118,31,34,6.123796057000001,coffee
2192,106,21,35,7.4285236339999985,coffee
2193,116,38,34,6.020947179,coffee
2194,97,35,26,6.334610249,coffee
2195,107,34,32,6.78006386,coffee
2196,99,15,27,6.086922359,coffee
2197,118,33,30,6.362607851,coffee
2198,117,32,34,6.758792552,coffee
2199,104,18,30,6.779832611000002,coffee
